-- phpMyAdmin SQL Dump
-- version 5.2.1
-- https://www.phpmyadmin.net/
--
-- Host: 127.0.0.1
-- Generation Time: Dec 09, 2023 at 04:07 PM
-- Server version: 10.4.28-MariaDB
-- PHP Version: 8.0.28

SET SQL_MODE = "NO_AUTO_VALUE_ON_ZERO";
START TRANSACTION;
SET time_zone = "+00:00";


/*!40101 SET @OLD_CHARACTER_SET_CLIENT=@@CHARACTER_SET_CLIENT */;
/*!40101 SET @OLD_CHARACTER_SET_RESULTS=@@CHARACTER_SET_RESULTS */;
/*!40101 SET @OLD_COLLATION_CONNECTION=@@COLLATION_CONNECTION */;
/*!40101 SET NAMES utf8mb4 */;

--
-- Database: `parkir`
--

-- --------------------------------------------------------

--
-- Table structure for table `auth_activation_attempts`
--

CREATE TABLE `auth_activation_attempts` (
  `id` int(11) UNSIGNED NOT NULL,
  `ip_address` varchar(255) NOT NULL,
  `user_agent` varchar(255) NOT NULL,
  `token` varchar(255) DEFAULT NULL,
  `created_at` datetime NOT NULL
) ENGINE=InnoDB DEFAULT CHARSET=utf8 COLLATE=utf8_general_ci;

-- --------------------------------------------------------

--
-- Table structure for table `auth_groups`
--

CREATE TABLE `auth_groups` (
  `id` int(11) UNSIGNED NOT NULL,
  `name` varchar(255) NOT NULL,
  `description` varchar(255) NOT NULL
) ENGINE=InnoDB DEFAULT CHARSET=utf8 COLLATE=utf8_general_ci;

--
-- Dumping data for table `auth_groups`
--

INSERT INTO `auth_groups` (`id`, `name`, `description`) VALUES
(1, 'admin', 'Super Admin'),
(2, 'user', 'Regular User'),
(3, 'validator', 'validation transaksi');

-- --------------------------------------------------------

--
-- Table structure for table `auth_groups_permissions`
--

CREATE TABLE `auth_groups_permissions` (
  `group_id` int(11) UNSIGNED NOT NULL DEFAULT 0,
  `permission_id` int(11) UNSIGNED NOT NULL DEFAULT 0
) ENGINE=InnoDB DEFAULT CHARSET=utf8 COLLATE=utf8_general_ci;

--
-- Dumping data for table `auth_groups_permissions`
--

INSERT INTO `auth_groups_permissions` (`group_id`, `permission_id`) VALUES
(1, 1),
(1, 2),
(2, 2),
(3, 2);

-- --------------------------------------------------------

--
-- Table structure for table `auth_groups_users`
--

CREATE TABLE `auth_groups_users` (
  `group_id` int(11) UNSIGNED NOT NULL DEFAULT 0,
  `user_id` int(11) UNSIGNED NOT NULL DEFAULT 0
) ENGINE=InnoDB DEFAULT CHARSET=utf8 COLLATE=utf8_general_ci;

--
-- Dumping data for table `auth_groups_users`
--

INSERT INTO `auth_groups_users` (`group_id`, `user_id`) VALUES
(1, 1),
(2, 5),
(3, 9);

-- --------------------------------------------------------

--
-- Table structure for table `auth_logins`
--

CREATE TABLE `auth_logins` (
  `id` int(11) UNSIGNED NOT NULL,
  `ip_address` varchar(255) DEFAULT NULL,
  `email` varchar(255) DEFAULT NULL,
  `user_id` int(11) UNSIGNED DEFAULT NULL,
  `date` datetime NOT NULL,
  `success` tinyint(1) NOT NULL
) ENGINE=InnoDB DEFAULT CHARSET=utf8 COLLATE=utf8_general_ci;

--
-- Dumping data for table `auth_logins`
--

INSERT INTO `auth_logins` (`id`, `ip_address`, `email`, `user_id`, `date`, `success`) VALUES
(17, '::1', 'admin@admin.com', 1, '2023-07-31 16:52:53', 1),
(18, '::1', 'admin', NULL, '2023-07-31 16:59:55', 0),
(19, '::1', 'admin@admin.com', 1, '2023-07-31 17:00:05', 1),
(20, '::1', 'admin@admin.com', 1, '2023-07-31 17:15:01', 1),
(21, '::1', 'user', NULL, '2023-07-31 17:16:03', 0),
(22, '::1', 'user@user.com', 5, '2023-07-31 17:16:28', 1),
(23, '::1', 'user@user.com', 5, '2023-07-31 17:17:09', 1),
(24, '::1', 'admin', NULL, '2023-07-31 17:18:28', 0),
(25, '::1', 'admin@admin.com', 1, '2023-07-31 17:18:36', 1),
(26, '::1', 'user@user.com', 5, '2023-07-31 17:18:49', 1),
(27, '::1', 'user@user.com', 5, '2023-07-31 17:24:12', 1),
(28, '::1', 'user@user.com', 5, '2023-07-31 17:26:30', 1),
(29, '::1', 'admin@admin.com', 1, '2023-07-31 17:28:28', 1),
(30, '::1', 'admin@admin.com', 1, '2023-07-31 17:29:16', 1),
(31, '::1', 'admin@admin.com', 1, '2023-07-31 17:31:38', 1),
(32, '::1', 'admin@admin.com', 1, '2023-07-31 17:32:12', 1),
(33, '::1', 'admin@admin.com', 1, '2023-07-31 17:32:58', 1),
(34, '::1', 'admin@admin.com', 1, '2023-07-31 17:34:15', 1),
(35, '::1', 'user@user.com', 5, '2023-07-31 17:34:30', 1),
(36, '::1', 'user@user.com', 5, '2023-07-31 17:35:10', 1),
(37, '::1', 'user@user.com', 5, '2023-07-31 17:35:37', 1),
(38, '::1', 'user@user.com', 5, '2023-07-31 17:43:03', 1),
(39, '::1', 'admin@admin.com', 1, '2023-07-31 17:43:30', 1),
(40, '::1', 'admin@admin.com', 1, '2023-07-31 17:43:46', 1),
(41, '::1', 'user@user.com', 5, '2023-07-31 17:48:56', 1),
(42, '::1', 'admin@admin.com', 1, '2023-07-31 17:49:08', 1),
(43, '::1', 'admin@admin.com', 1, '2023-07-31 18:07:23', 1),
(44, '::1', 'user@user.com', 5, '2023-07-31 18:16:32', 1),
(45, '::1', 'user@user.com', 5, '2023-07-31 18:17:19', 1),
(46, '::1', 'admin@admin.com', 1, '2023-07-31 18:17:40', 1),
(47, '::1', 'admin@admin.com', 1, '2023-07-31 18:19:12', 1),
(48, '::1', 'admin@admin.com', 1, '2023-07-31 18:19:59', 1),
(49, '::1', 'admin@admin.com', 1, '2023-07-31 18:33:04', 1),
(50, '::1', 'user@user.com', 5, '2023-07-31 18:47:53', 1),
(51, '::1', 'admin@admin.com', 1, '2023-07-31 19:23:31', 1),
(52, '::1', 'admin@admin.com', 1, '2023-08-07 03:06:16', 1),
(53, '::1', '1184097', 6, '2023-08-07 03:23:34', 0),
(54, '::1', 'akunbaru@email.com', 7, '2023-08-07 03:24:30', 1),
(55, '::1', 'admin@admin.com', 1, '2023-08-07 03:38:45', 1),
(56, '::1', 'user@user.com', 5, '2023-08-07 04:01:29', 1),
(57, '::1', 'admin@admin.com', 1, '2023-08-07 04:47:51', 1),
(58, '::1', 'user@user.com', 5, '2023-08-07 07:04:52', 1),
(59, '::1', 'admin@admin.com', 1, '2023-08-07 07:10:04', 1),
(60, '::1', 'admin', NULL, '2023-08-07 15:01:59', 0),
(61, '::1', 'admin@admin.com', 1, '2023-08-07 15:02:10', 1),
(62, '::1', 'admin@admin.com', 1, '2023-08-07 17:56:59', 1),
(63, '::1', 'admin', NULL, '2023-08-08 04:30:18', 0),
(64, '::1', 'admin@admin.com', 1, '2023-08-08 04:30:27', 1),
(65, '::1', 'admin@admin.com', 1, '2023-08-08 09:45:48', 1),
(66, '::1', 'user@user.com', 5, '2023-08-08 10:08:08', 1),
(67, '::1', 'admin@admin.com', 1, '2023-08-08 13:30:19', 1),
(68, '::1', 'user@user.com', 5, '2023-08-08 18:40:39', 1),
(69, '::1', 'admin@admin.com', 1, '2023-08-08 18:43:47', 1),
(70, '::1', 'akunbaru', NULL, '2023-08-08 18:44:43', 0),
(71, '::1', 'akunbaru', NULL, '2023-08-08 18:44:56', 0),
(72, '::1', '1184097', 6, '2023-08-08 18:45:12', 0),
(73, '::1', 'user@user.com', 5, '2023-08-08 18:45:36', 1),
(74, '::1', 'admin@admin.com', 1, '2023-08-08 19:13:43', 1),
(75, '::1', 'admin', NULL, '2023-08-08 19:17:50', 0),
(76, '::1', 'admin', NULL, '2023-08-08 19:18:19', 0),
(77, '::1', 'admin', NULL, '2023-08-08 19:18:38', 0),
(78, '::1', 'admin@admin.com', 1, '2023-08-08 19:19:51', 1),
(79, '::1', 'user@user.com', 5, '2023-08-08 19:35:45', 1),
(80, '::1', 'admin@admin.com', 1, '2023-08-08 19:36:24', 1),
(81, '::1', 'admin@admin.com', 1, '2023-08-08 19:37:15', 1),
(82, '::1', 'admin@admin.com', 1, '2023-08-09 11:02:52', 1),
(83, '::1', 'admin@admin.com', 1, '2023-08-10 02:37:15', 1),
(84, '::1', 'admin@admin.com', 1, '2023-08-29 07:46:15', 1),
(85, '::1', 'admin@admin.com', 1, '2023-10-24 09:31:45', 1),
(86, '::1', 'admin@admin.com', 1, '2023-11-21 04:05:29', 1),
(87, '::1', 'admin@admin.com', 1, '2023-11-29 06:15:59', 1),
(88, '::1', 'user@user.com', 5, '2023-11-29 06:48:36', 1),
(89, '::1', 'user@user.com', 5, '2023-11-29 06:51:31', 1),
(90, '::1', 'admin@admin.com', 1, '2023-11-29 06:57:00', 1),
(91, '::1', 'admin@admin.com', 1, '2023-11-29 07:19:26', 1),
(92, '::1', 'user@user.com', 5, '2023-11-29 08:00:53', 1),
(93, '::1', 'validator@valid.com', NULL, '2023-11-29 08:02:13', 0),
(94, '::1', 'validator@valid.com', NULL, '2023-11-29 08:02:35', 0),
(95, '::1', 'validator@valid.com', NULL, '2023-11-29 08:02:52', 0),
(96, '::1', 'validator@valid.com', NULL, '2023-11-29 08:04:12', 0),
(97, '::1', 'user@user.com', 5, '2023-11-29 08:04:17', 1),
(98, '::1', 'admin@admin.com', 1, '2023-11-29 08:25:19', 1),
(99, '::1', 'admin@admin.com', 1, '2023-12-04 04:47:58', 1),
(100, '::1', 'admin@admin.com', 1, '2023-12-05 01:32:17', 1),
(101, '::1', 'admin@admin.com', 1, '2023-12-05 01:36:13', 1),
(102, '::1', 'user@user.com', 5, '2023-12-05 01:36:25', 1),
(103, '::1', 'admin@admin.com', 1, '2023-12-05 01:36:48', 1),
(104, '::1', 'user@user.com', 5, '2023-12-05 09:28:29', 1),
(105, '::1', 'admin@admin.com', 1, '2023-12-05 09:31:33', 1),
(106, '::1', 'admin@admin.com', 1, '2023-12-06 03:35:46', 1),
(107, '::1', 'admin@admin.com', 1, '2023-12-06 04:20:22', 1),
(108, '::1', 'dewi', NULL, '2023-12-06 04:38:10', 0),
(109, '::1', 'admin@admin.com', 1, '2023-12-06 04:38:22', 1),
(110, '::1', 'admin@admin.com', 1, '2023-12-08 12:42:56', 1);

-- --------------------------------------------------------

--
-- Table structure for table `auth_permissions`
--

CREATE TABLE `auth_permissions` (
  `id` int(11) UNSIGNED NOT NULL,
  `name` varchar(255) NOT NULL,
  `description` varchar(255) NOT NULL
) ENGINE=InnoDB DEFAULT CHARSET=utf8 COLLATE=utf8_general_ci;

--
-- Dumping data for table `auth_permissions`
--

INSERT INTO `auth_permissions` (`id`, `name`, `description`) VALUES
(1, 'manage-user', 'Manage All User'),
(2, 'manage-profile', 'Manage Profile User');

-- --------------------------------------------------------

--
-- Table structure for table `auth_reset_attempts`
--

CREATE TABLE `auth_reset_attempts` (
  `id` int(11) UNSIGNED NOT NULL,
  `email` varchar(255) NOT NULL,
  `ip_address` varchar(255) NOT NULL,
  `user_agent` varchar(255) NOT NULL,
  `token` varchar(255) DEFAULT NULL,
  `created_at` datetime NOT NULL
) ENGINE=InnoDB DEFAULT CHARSET=utf8 COLLATE=utf8_general_ci;

-- --------------------------------------------------------

--
-- Table structure for table `auth_tokens`
--

CREATE TABLE `auth_tokens` (
  `id` int(11) UNSIGNED NOT NULL,
  `selector` varchar(255) NOT NULL,
  `hashedValidator` varchar(255) NOT NULL,
  `user_id` int(11) UNSIGNED NOT NULL,
  `expires` datetime NOT NULL
) ENGINE=InnoDB DEFAULT CHARSET=utf8 COLLATE=utf8_general_ci;

-- --------------------------------------------------------

--
-- Table structure for table `auth_users_permissions`
--

CREATE TABLE `auth_users_permissions` (
  `user_id` int(11) UNSIGNED NOT NULL DEFAULT 0,
  `permission_id` int(11) UNSIGNED NOT NULL DEFAULT 0
) ENGINE=InnoDB DEFAULT CHARSET=utf8 COLLATE=utf8_general_ci;

-- --------------------------------------------------------

--
-- Table structure for table `badges`
--

CREATE TABLE `badges` (
  `id_badges` int(100) NOT NULL,
  `nama` varchar(100) NOT NULL,
  `detail` text NOT NULL,
  `keterangan` varchar(150) NOT NULL,
  `badges` blob NOT NULL
) ENGINE=InnoDB DEFAULT CHARSET=utf8mb4 COLLATE=utf8mb4_general_ci;

--
-- Dumping data for table `badges`
--

INSERT INTO `badges` (`id_badges`, `nama`, `detail`, `keterangan`, `badges`) VALUES
(14, 'Star', 'Superstar', 'Didapatkan apabila menyelesaikan 10 misi', 0x89504e470d0a1a0a0000000d4948445200000109000000780806000000e16107b4000000017352474200aece1ce90000000467414d410000b18f0bfc61050000000970485973000012740000127401de661f780000006169545874536e69704d6574616461746100000000007b22636c6970506f696e7473223a5b7b2278223a302c2279223a307d2c7b2278223a3236352c2279223a307d2c7b2278223a3236352c2279223a3132307d2c7b2278223a302c2279223a3132307d5d7d5de4407e00007bdf49444154785eedbd69ac244b761ef65565d65e775f7aef7eafdf36f366214724254a94651ba02c08300c43800d0bfe63c192e1fd87e13ffe63c0fe6bc3140c18b02d18322cd2b016531a8e259194c465389266e770f637f396796bafb7efbdb52f9959febe1311595975ebde5ea6dfe34c779fbae7466464ac2722be3827722b1df5fb33904ab312a20c28d39f964a502083722a31c01d3252896c64b19cd748317ca262f0337acc54e818a32077f12ac187b055e79446bdfeb01d76bff8cb752c8458521ed938d2784a14c0f0981cf18cc61f23e5e38c34531dcd53c8688916aa745aa49f502a54d7354301e2d028b90b0df4b4aa9d216cf9dc8c21a7e5c3d88560f332b9dcd2a18104bb858850f17d32898029fb641ab9542aaa9acc50e5f98c1d97596e8e8bd550e70a599cebd23d16625e36689e1149522d48d6237989c07ee25c4e298383fcfc793b2cc65d4ebb9c4f51fef2fbe37c2c2c1127bbf2d0b80a39852a9404049cf4a5729ff51e3244e388032eab32bc6a2eca13b2cef1acda386bba3ccb6336d9818a1b7d2e77578e2bcf913b57ac99f995951d8578211fd13cccf99753178f0309bc8ae9443ede2cc45f955669ca79e88cc2717ebaf4ab3f15e29ae3c2ccd5614e3a592c3bf815cb9d5332f3993b43d9eae4b8985221460c0c7e73795cba372048780157fd589ab22fc6048851c5554a9935a633d4091409c3e720e1ce05b28e5aea2c8bfa6392d5e231e4f3645051e2222f6773f46ff9bc48e82f0116cf85b80a0fe7c279ba266f7f5ce8ef3915c396cf893479c83ca5f1200a63412051966610757840a0b0f2081c599de76a28a535261d31a8eb1220c22c6b73ce51d3107094a67ef28894d61d94fdf87324d7f91554aca145b17f9c3676cef973f2e74eb6bba0d9e4a436aaad4552a3c9f617f2101749052b9da6ae2bcbe29a4b47a7550d8516eae1c24479044ff28763d5d31d975d96ee88ae8325c7250286c29d0c1c2bc05c4f3a573a1048f8cc0412e28889a70c1854b806e90493d5fc3985275e262aa0e82ac72248cc3becc724d6a758f167b4d08df6bf647d729a94349057f505e31706e0222d8715d32ff5fcaabccd547003dc7262142b292411e75a0187ee8c836dd660b29855226094c64c33b2b84a3c9386a17630feac949203f0899cab55d2655f08f7e50652f9ee58313541e7fe3985639d0da98bfe2249f07e42e4e4e2dacf92ac4aabfca94d0928a45529c4eaefea515687b2b2ee48e7948247793696c2798d8ac77390b0eef5478e7c5d42bfcbf1272d641e31270f12123008043429041299ebdc1efb452647cafa56181e93051059d9e5e440203484ffd52835d81a277f3837272bcc24c733eeefbe347b06120592248ad2e080605fb92e593e27d209aa86a7ad76799ac0a43c3c10f358183df28b95e7f23911d3fa892cce1445a1ccd7fc74edc738d24a673621a82d2046392bbbd58fed2acd34d8493ebd91f2b5b40a716df7b97b90981fbbf385b42455d51dd31362fb655b218edc3917b3903a2fab4032810a29e764b5b4b16b692c6d814c669a2bdef4e2515858f5a3141847e12eccc984b12c5d204be5bc161ecea9ace271a082dce89749a318ae8e241d3360c6f95f4ce941820226d7684e541821ce324c080ec7d519c67189a607234ed9693c5f2e5355249b0dc9ff0109032aba062bdc573194af28f44f9314d3e91411f3882b5c3554abfb9035c2e7f3d4d389812a3ffb46f235ffb2a0d4eb1ac816a1403e6e9e5fe0406e82192d0c4091fceaf7105e3ce7c9340481841b98737098875989ec7fed7369f26336a62691a19c707465156391c52ccbc47079aace0e0e184ebf62e8482bf15c9d76134155d451a0f9b1af773efedcf17c6f47b490d2f332b9b1bf482eae5bdc42bae5b4929fe68a9b33aa98fbe998adc9e791f276672c8e1a9053b1ae453fc9e2158e455efed2f224af4a5c511026e331eab51ae2284296f23cebadf2ca9485ce174022334da24cf41ecfa6b8371be216f9e6a88bbbe31e6a711595a88201d5c261aa46a80acac435d68eac61ae91be4e3c369f095f424b920493c9442128474e10f7231335f39ad3c2c14744f7afe76afa71ea7a5a9927f32c7bed6e75793cb730b84836b98af4b0f52ce467498bf933c00e5d9ef39c15aec9ab812a50d050cd90a2c7b13040adde47239aa0c9f157d6fe44d6645c654460e1f95969a24c2c6871ad7325a8491a894b25ba231f7d7e46658bfd347673c39322bb72e7c493276446b2b1ef4a9d93e5e872b624ee789194bf9b3b9a33769a48afa359a98ac3411dc9ac691866e775e6c4c4f7febc6f8be79dab342144ed71ad56bb58bb945a19797d6d1d57cf5fc4f9a48af5cc2dde1553042c9a0709769cc0a1461411aa1fc4637cf7de7bf8fa8d37f19d5b3fc29b87370c55508e7150d9443752e7290301c3bc0a01205cc518ae02c2b92590485956b1fa67d15cd89eacb38a011f36a92d0f56d79324213c4a5d4f2b5361c570c5a3dc4bd2164e214dc885012f0af9287df0075a3e5e96776853918ba43c35b0b541a9f1e073a4ebd4668200d98d9304d57a078df631d6b78eb1dde862034734791b9cb8eb969b03890eb3d41e8553ef5d89a19e2a8fa3cff273fe106ef11424d753486bd3856332a5f6a21554ae53bd7d1e27c6d9f2b188f5b1f296486999978ddd95e954869bfce62f508216bef646159d648b47ea379df7f14e94a5e36258e19871839912b42c9964ee0a47862a358766bd86eded1dbc72f12afefd4b9fc1272a5b68acb551ab4893a33c18d35f0275e852c9524ce2146f97fbf87fbffc3bf8c6ddb7f1fef8089daa049812f1cbe8c5fb9810281cc22d56d07550a8943fe35d85cd58a84c8de9d88184d540e7cc0df9c87527427a539142dce091cb083a0a21450ab9055a3e2ee4b240cbf144f3fab9b356a6046024d7e5e2e2cd739cc7f62e0374348fe128e454a4d3cb5426f3144ee6012424777fce32101013204a53b280a25872c8679945746d00eb58ee32857c3480c9a61da81cbf0f61e722ce116d42eade07e73afb3be29901a21299a6adc062636380cdcd2eb6778ed0acdc433cbd63f190d55803d6816d318090b961a6d37c14e47ec9c6793c8b0af17c50319dc8c6b5008266b08105eb344f7f3f62bc5c86cb342f69d11fa8986e317d8a26de7c7f1bf77a6b942e4d0054b87893cd4f79923463e7a9e8633d168ef59fc52a743e2e952af8995b54623ff088a0b111d5f01f5cff53f84b1fff93b8b046a0a056a3ad0751a9d37320212e13c306d514df9cdec5af7cf6ffc28d7884c34a4a4ed83714382b3ac13e9292408285e713659114ea2a387709d9c8d81109012299323f76880c558ba3f326eca052b9fa847333dbc0e2b182737271145df6ee32e5e57a5a4c4bf2e956042fc4b53cecd8cec8c3326d5bad10a608a1bece2f3a515f063cbe321db9d59872d38ac6ff3948308312c1412bb5ee2dd0fae40a0905319ec55de2bc5cad900208e54b37cf3710235a7e0207e52d209a202b0b28b4b9181b48cc667546ad91e9da7d10159ee9222e1d2166bfc6b31176b7c8db3daabdb7a8b1de2677c96cad8ab06243d97297ebe1aa9631a26a637c32caa92490c8a872271c9b9981843f61c48c1632933f1c17fda7d36973e434b2facf1a38be7711b76f5731985638df1a649a1fa8b29dbaca53285b09c2b1f91dd9d9e2398e1e8b6287f2bb39152256d219fe5ced22feebbff8efe2e3ebe7d04e6668d8c4222e584784b8fcafa13ea239309e4c8da714206c95d2ee335dfa03402c33ff858c16499595eac5bc52d9416600ba538b64119dd7320a9915fd3f49b45cdfe09257b6ef715290890a4a28fa3199abadadb8ba7cc849ab8121b2d5dcdfa4c4d519b4f78df309ac30cf1626d6a6a1fa5da4412520103b8dc10184487510987876a390ccf316cfdf1445ed14baefa17c4c1ef8730aefa1d61893b97094093260ddedbccef9b6e8c62a03a1c0ac87b54d75f0f5c8cb7d482ea65bcee3449e6a63e158e7cfe262dc8762a0d18cd068d16f32087d29f93acdcc81b89b97ce5fe8038b573c569e3eccb89836c4a195d01f60381a13f66524318d17adce3a62804e88a75ce9dd558884935a3165cdb80c734060bce59fc8325f623bc736caeed3e51595752a2d0cbe029d95e623a1a5fae4b454311de603e4232043784d386a0d9a9006106e12e94ec559c6016500d020b78c6769d358fe12edfe52b645dee4b2bae179ddb80c718bdc28709d2df3373d19c054590601250090c0c800c60f2d03160105273e01c10185eea49c72bc322ceaa0da18a15c19b0c6438ace8380b5c1992f72f3952f80838d13f10a3a25783585be2af4d9c2240f54f43f28853c1e9639dba8bd37d95d55dda0641bb66ab74e2d01844df8f9443fc921cfa5f0e574f4f707032a085329fd1c4bd24e1d29c6490a1d60b138c5b5eb2ad68ea7121bbb7077edcd55c4d4de10a6383cb6fd5a1fc75b0d64c627874a3c1ab9321f99570e842215e29998425c85d1b92f15e2e7e93caf0a37ffa390eb2b4b6df913d0090c33828203806d2a1a7bc491f32867e20b886664fa4be93ea2f445d4663f8bf5da2f62a3fe8b747f016bd59fc75ae54fa0864f937f86fcb3e656679f267f92fc2aaaa59769365c633e17504ef7388f77c82c2bdd220b70da1cd7412351edd8f902805c3b18a31cf5d0da98a0d2e8d14c393290b0b192adb1fe62e541509b11d4a8ddcc3c28599e364942bfc89131b6c4d45ecf64939b1feb46de9f2f54e1dc296c007d06af4af3202cd02780569b6334da028ca2f624523cf92553cfe1f881586588e9cd698684a6978c86a822ab41f11c49ca27a85ce6d48e1c28c8af4db1c02167bb23ccfca7b04024fc7cdbc5ec1ba362ec47a7622e8fca67d1729c074d17a818ff41799934907966b94f73927cc5ec27ae325addb5fa47b30df23627f11eedfe8b88b3cba895aea15e7e0eedca8b58afbf8cade6c7e8be8266cc093fbbc6385751a15bc5730481e7d1885e647cf14be497518fc8741bd14b76ae113dc73cafa00281ceb99c051aa699d8249706a389cdf163b5e5e4e580d77e495c1ba3b53e45b9da25b6e9166ddd81a98d4f77639563ad789e6db82e8f3b9106959b0001205cd87d58839182b5a330304f259fe6a128a4795866fda96d459511ea8d0cd52ac78080c3ce3d18d9bab344f3b5a8589627864b12e538461c495b711928c64a9028e99abb2639dd9240824cd460986e7e2270484b30a6ae601a856357d042d173622768b332078c67b482d431ae731c398010c9b5cb595e76726cb3ce5446d9a9ba31a641df0627ed0e27fa3e27f4054ee4cb6868c29738a9c9cdd20b74afd370b88efaec79c6dd65de3564498c34a9d024a43fad936592c83ca1e961bcc9056e9b939ff1c902826a76117582449360d1285d35ae1388aab84ad0a196926d30cd1ae3b7c9d26ca859186070ec2041ad9ea1b5963a53a3a43d0b9a4c65691bf46b4f427b2c664269252db233451cfff883c999cf9a223f210353c045c02c57b45703caa98c48d34ff5336dd1c73b8dfca0b1a83670f84f73d9e6a8f39b1b227a9a67cb701b570e1e3c48ac88ac78e6d7b990407e9d588c2fcae3fa2845b21d7746709b96f3aaf844e442023b9d9f70872297c54ab2557689ef47a1488b5ff8b913f3faac68aa5188e553b9ffa745f614aa75665d95877590cb5594abcf64d7135a95a97a5363c8666d249abc536a0bc91554d32b9cfc970806e709047ba813301a048ce6ec3caad35dc4a32d94ba54e58fa9c61f3581e32a4ac79cb41d6a8ee4e83842dc21d3ad7462cf1586c5a80e62d48674873554464d54261ba813301a345f5a65820501a2414da42ea656529f513349ce239eeed05d67fd1aa8a4baba218018a1dd4eb85a6a93522c30d0e40882e16a6a7b2d8b2c35d8587ed33ac48cbf2447cb828173292e933f43792bae0dcb42ff5937787651f9cfd81f1b59a2d3d9e2ad082f70fe6325dc2dea725dfb2493389ea2d9ccd06c4c51897b048b23cef101b3d61e94343231cd8432c706d395b992e8c6ba72440ec0102abc501fa77939bf1c8dac0a8f08e224bb5ae64f95ba5d5d0215d16161fd6a822ff5dfc15fff8d5fc58d68826e23c668adc13c6266594132db247eb77ce18e24482bae5017093e623bedc68d24c36438c478c4d5c15f7b556437bd5cdcb3686e3b7a524196d4852d269fe79bd342041e140a3c9936d0e219d7b870360cbf392d954852faa53c448cb81c9aa7e509e79fc770e0a095937ed6212338cc38f5515e435292bdce4e4ddad848cf63bdc2495bad232e53234866988ea798259cf8d916322ec0638a7fd4e7004b38a8f463df24932986dab01a0c4dd3ab469cc43233d9bfea63999b5a7934869aed164d842a45c1fac565c4cd1aaa8d122a1a571c531a03539e4ad58878c0b1728c69760f697697e7eeb0de874c7b8cb8fe0e5a5bb7b0b53340a37544f5b6c3e46354b2d81e2e8c66ba23475a2759f5e02f97ccc222e3c20314d81917ad403e9d71f1a44b23d2a5cfd1686440e1a64d88e75cb7a7f6e190d5cb1717fc2a3fa3e998d174cc662d4ca62d747b157289f5ac70b15d675dd79d864f49e5f7c8b09eb3ac045d6b0832c978ec44c67f04918cb23500564b2d8a0a2ca3464df2b9a30afefbbffc1fe397ae9c4383ca5c33499096094273902011950c24064590a860d46ed8f559dd2e9accd60812541df33d092b9ee7e97ad618926a5c666d63d625198d3940875467395243273362e87ecbe00c72c3a018c995bb3aa1afc4699417b89c562794d61d392029c629e6ebe39e49abca389be63986b2c2f4e0a496bc68976bf34e9b7829a8c6479b9cb49b54f1b7d04eb651cb6a54f3d92f94fb94937f329a2219a71876814137c1a44f94d033381c58663232ef59ca8143d0b0fb5658ddd0ab79df6810c9c31319d9aa25972b55dca8a1dea2765025b090abcd064183f9d2fa214ea14475595734d2d901d7895b6401c621a2d60fb1beff2ed636faa8d60fb8eaddb39bab74df44c4fa47696c8b8beb77fe5c45f48f835c033c10c3bc9cc4266d17ed0485dc1c85348e0c2486230710cc4f59ba9e73f11c507d3864a3242f4f7e69136a27eb41a0505f67b32681a281c1a0044dd7c9c88187ee6cb2762981d2aa96ba959de6a13bc730cad3dd71e0f275201b98011e24aa691957a92dfe777ff93fc22f5dbe8816cb69102492680548f46a09be3c7817bf4290b8e94162d8a67d2abb959ca049972aaa4682179d32082021d70042ccc15aa61631e52a3511526744b1408cec7ef25bc8a9e4bab718c995bb3aa1afc8699417b89c562794d61dfdb1828426ba3ad736fbdc642e73c0947539533bfcb4efabf53d44f116c3b9ba73604449dd2e1acc860483c1849ac118d3113b799252fe04e709eb42edc2f2d66c57ae6ef6d1e75d9eceebb040410da6d7229165d7c666281394983ffda5469d137f0d0d8e97e61a351a2a3c952a2b156963f28860714c903846b9f52db4f75e679c0ec1e40e41e516db72446da24fad27a659b2c6b6b2dd2aaa3841e97120c113460cb03e716ca179e4453a0b2474597e301c50de8a47b9f3942bc1c5fb284022909950b6e2cb8c529d6902e8ca0efb7c3aad6030623772d52f97b57053dfa23814d7ee166503d2f116c6bd7d6b878edd3872faa8da224d839d677e1b0b6a2fe3e98552977b33fcb77ff9afe2cf5e7e1eed015581a94082297b1e24ec5f0e12ef7890981224aa18b6080c250712d222e4863bfc34d094761548c41c94d978c2413be238a2eaab4b2c2a27270adf0a3e9b8addeb4847a724cc07cd19648516d3cbefd39d5a9fe53cef53c6e919ad201737cf512b48aa27f22a0cab20e2b21c51e6e5ac8a4aa98d0a4d8d667d9fc76d4c87d43346654cfb2926bdb1690bd3e1848385260a01dae99eea2b3265635741dc6cb7a21e88282f333198c46aaaa4ba9f57ea6eca72a6ba8ecf33da5dab5185a049d222583469a6ae6d54096829a2ca909a8f3622073cff1aaa1b6fa0dea49951bf8ba8fa0ec1e20302c51d8e1b9a1a6983ae9b98faafa12c52156ce0e7b20d6d08ee32cdc36dc27950b4701b27ce319090b9a5638be75c47acc1870c12815486bb2f443b2d020b79ddeded322b330268e28fcb118f05048ac2facb8a17aca4d33a4d7b5d2e7666870a905662567e5647afc3fed1e6b195c6b65a0538cab87e9fa339f3dffc3bff21fedca58f616b12a1c185456fa92bf53b7dd3562c3f0f125f19be8d5ff9ecaf1540a2c50a78902851fda1eb061d079c4082e917418238c6daeb56cf8c76b140222980c4830043911e2e8dc576de53c95aebbc96b1d8a7cbcb79907c1e0785029d6b25ceb4a7a02b0d754ab9854aa5856ad9719d00512bad537b58c7b45746efde88a6c418a3ee881a0327e1842bb714366b96dae3a699fe9bc9e2ddd0b6a08606ca9b9f93fad783849165ec93f39fb93e4c14f2aa7221a937d02250b4da150206ed5ed32c38fd6aef90dfa6b9724c73e51e2acdb750aebf41b0f811edec3ec70fb5125f846aae05477e8539907810b214ce6bc476e4c7ee9ce544af9ed77020e1c20426f3b88cf2218244919c88f94ff2365787ac8bb1edd230549a0e4f90ddade88ae45cf3fbbe955f00e2d24b6ee4a44dd37317336a9deea1b6f9ade8715ac276b78affeadffe2bf857ce7d1cbb346f1a44888936402d1f9757cec509af8a985a53d2c325ba7eed559505b21cc8aa96611ba338bf5597fe5ce151b40f95425d4ee307a555698bbc9adca4732a6351a6ab99f9d82eb6644549d1cd78ece41f5383a0bd1fafa14eb3a255db43abba4f438f26c6a489e4a88ce1ed049d0f86e8bedbc1946001aa889832b1de12444d4466853407adcaf9caac228bcc30b3ffc5acfb22eb3c5dc6cb4dc890ce7773b1cbddb12acff2c76c3fc1ab77b38783f7fbb8f7fe089ddb330c0fb9d074af00dd9f4172f8298c0f3f490de8e348c62f539dbe6a576a6c9ca9f08f947c63ac61450e0dfb7049323557b0484d41cfb894b8e2dba5e3545ae4fc853c6e637742774c498dc8ce8de52f051e52eb1c51eb2447632a7813d46b7a88ee2e76f66f6277ef2676c85bbb1f90dfc3e6ce4d6c6e4fd16ce9de28ad323421addd1e244441143678e93a80909884600e20c4a64168f82cf5a20693234bed8fbd9f36931b6c214cfc9849d50992cecb586651d17f3f2aa63d9bc34f832c0709b67dce790ccffa8578ba9c27669876a83548409bbe448088b6512bef12e9b7311bad614275b17f37c39d778e71f47e17d323aafb343730a100040e9956613da21d5803cb0185d324bca87c2d16ee3cf4fe5043c773d13a768053040d630e16311be0070e591765a8b226dd09ba770738bc41c0b8d147ef3657b2ee6594462f511b7a1ea3ce7318f5ae53097a991ae765aac96b5cf9a4326b0f46e38ded925ff783586d8aa4e3557c16b1c2be6df7a7078d7736851297f924b1ee0259b5dbc0c2f5a7bb594eb2b6dd06ba028a844091d03fe5ac141338c80620c663fa03901044ca5dc4d14dc495f7a9e8dd40bd710badd65db4db0768afddc3da7ac2308d01dd9aedaea8a992da7e727e1ba01cb662f6bab95e8bd0e6891e51b54d1416e7363c4e52186c81655e48a5d1ceb90d2416668350ad95fbc8b46a20f83c2defd36855b985bcce4a5a2495611a000549969986b2586f4f120a8b75acdd7d3da3307f2f6390b31d13b14d73882648e31ec35885acc9ecd7b90aecd8cd50755c44737619f1641fc3bb0d4eb01227db98ab721fa363aae6e389197f5c67d8330405efd3d527fddc3ae07a44641260f9ee5abcaf8f9d21a95d2ec60a0e72122b4f0d5a018f9279002207d02851bf2d69a0cd74d9bb4fb3b38b61e7008737dfc7bb3f7a1b37de3dc0b0c781ceb68e06bb181c5fa796f10b18f77e1ee3f1756a14e70916eb649ab75c516769836a325755038b40c53aade2fb51685be0d348e78a9ac5a393f5f132337c8eafea9b30563836ca1362c58463842b7ba4fb2134b69442f29e6b8ada671207f907d6256567fe730eb24fec1233fd11176ecde8986556239a82e40ac7614cadc30c1ba675f96b04f14024c755d80d1ae7d7e092a9a168ded43080e0c94227b8234b65aef95909b379a66c9c068c857f44e45ab882fdf92231d83576f9e452da05b244cebb406aa3d79ac4164d9d17d447dae9a642ea58ac4ef09a9988e7cbd91aa178931ac40e5ad12e6ad92657e20ac121c1f18d210e3fe863c0557946755efb3eb926e0abc9d27c7e737631e6b5b6a1ce5373c0727e9db5de0f99e5298a54cc5b543cd6c0e5ff85d54e2f98e1ea666f9b4ad876ae52c33e3a8707e4630c7a0901641393fe450c8f5f2290bc4affab4826d7080e9bd42674e9dd81b103e6e5fa3c2a15da97e759085be0c743278618c94a60b8b11d873e110b28c202535c6494d2c93b70f8e9e4e2198185c0c3699461cc059346af082ca5045e69a05cdcdceb053462bcf6c29fa90456a838274513384893d0b017485871766e2932c935cf0d563f247509879a449a6a60b070ed9c58bc0f9b4239a7f1e9145a366f5d21cdc2e0540cb79a3a9676e5d821bb3a86ab3a01214a9b28eb89ca64834c376d935b6e07dfb88e2869325e9b084f0d025bd420c8a57534a3359a1840ef4e97e07007e3bb873c18d0de17f0128475e98bf5d2cd4bf3c133271d871698bfc821dcd8ffd4466b67910315fdf723c6b509ad8d6a8d0997ad8d2a999ea509a6937bb877f706eedeb84b2d8229c65b48867b98749fc3f8f83334435ee402b3a3d4146b07597cc015f51eeba82b291f06f94aca0dfec016f6e1d3621f0910c4aef4e0e6bb240b71e75c18bc8e381ee763540fc6e912ba6e8fd73335ee4960c7d260357e95057f06266e21536a26f46ce44bf225fa29ef4943a940212a1dc5d381fd6780c9566f9f32b553a10f473e6b6347c59079e8e3a207ca316f181d82a758772616ba2177a577993ac76ead7045ad50f5aecca8cee1987c8fea1eedc36c824a46556fd644033b68621fedf245b4cafba8cf36511a5731399ea27fd0c5f4b0070c3841a69c7c025c8231871012d627e160b25b7a59ee097a207185762d719eae185e2417211431e72230147e1c07fac565dd3035c3f868807b378e71ef832186f768ca0eb69052a3483aaf60da7d1149ff2a329a597a50cca469751485923e027a84b1fbd829542134fb61aa94c7556708b8a5917191b1dbe0650ed3b5f775880541a2627fb9316d1e3bf4c0e0c64208951bc8f5bca219bb10fa1d9828d02190d41bf99d1bf2727c7f0ab1f2548f90c783d0d9392a344c7f51de5a820341804860ccd311851b5155732f17736ab6db501af358bbcc3d54c995d221edbff768fbbd43ff6d54d147a314a11dad63b3721e7bcdebd8ae3d8f76e93ccaa316eebddfc3ddf70ea941f4813e3bd6ee7b10f0aa33c9ea54da1c9a3cc1a67d387a98046afb49b2be21db803276b93a2e860766785a26405610ebab5ca3aa995207ef4dd0bd1d617abc4390788e4c90e8bc44d0a0d931bec8766f98e921f82d96f0e0a482bdcc72b05945ca939dcaba3a813e6c391f0e8545e9e199e39563a4a4dbab0d0c866c9e7f01903e8e141d79d653b81c632a4b1cfa916e980139a9238370ecd66bdd30e30e156271ee4716cf0a71f1f35467f5cd12591ac57f88340f472a21b0f7a9ce811518caf71cce81f6759a0e304bc8a936e6461c7b6382026d6fdadc31cdab9800512d0d080af750abde40b3f12ed6d7dec6e6d61bd8d9fb11f6f70eb0b33dc2c65a094d3d6f316b239eb65019b79176a86f7c30c0f1ad1e3508e63f96f6502c9fffc40b95a3f350346ffb6914ca9beb93d25dc4fa85f4eae5b9df389f5ccba47354616986999965a61655df61999ac410ddbb1d0c8f87766358dadf30a098765ea556f129a4a31729f60b346119df934a986fd2b14656d7d5252f92da721a85d40f96d34f07a91d9aea4ec7b5ab44323dd80ff33792d16ffd166413daeff724028560c5b38ee72a670f91e4a8e4c31f90f2877194df59fdf291936fa9ec35b3d97c5d692f6bf2e5eab25ce390423b3533d31c2a11cd8738210824685466685467a853ce8d2a277da58416c3dad531b6d60604840ef6cf1de0dcf91b387fe16dbaef900f183ec2e67a99e92a2c8f36e1b881f4580031e4caaa7b1fa80e8e5811ddefc092351956ca3134c71dfd98a45c5c4eca5643cacaf528253bd93dada8588a21f979399a2ccfa88c69991e2468131b13289072c08e520c8fbae81e1c62d8e960d26b121caed3dcfa04f96731edbd42d3e312bba791676d7d44368060a8ed9cad2af731938a08fc3024c97cf4a4be101781c1ef4948932bec49b8de56ab421fba1a97069dfe4c1b5f4e5d4dd1ada5f862ef6dfcca3ffcdbf8a05142b7d144afae8d36756c95e3550ab53213b153841c74dddae2586f41865e7dd71f61369a322dd71f7664a2725c42ab46f8bf8a4e76f672dca5080f323a18c5819c06b45c77a45ddd19577e8e549a0f6c1d9b27254a6dd2e3b752c3f47cbf36dc623b4f4d21a669e1dfad11e97223e5a0a91c316eb53a42b5c238e514954a82b8a22b1e7a5702b582f836f3a26132e62ad9ff53181dfeeb180e36319a50bec75b18dd8a71f7f65daea83dca90654b60566f3265387333962eff39d4b61688dd84991f2f929d28903b4ea5624653d406c7d8adf5f0f2cb231cdcbb893b073b1867fb98641b944e85e3a3ccbed74629a7a2de3ec595277f64d9720aa47c432fd35fec17ca5c9aaa5da6e5a05517b87141cd41f632db1471fcb637ab58df8ed1da20e0ae1fa16677651ea0d27e0bd58d7fe1eecca4daeccc3a8d39e5adec65f0b17e0c28949a9375794e1aa9ce551d067d7f5b36651a46722069d4e128a4b1001e2c647906adaacf4743aa61a8e5926b0271fe88e6df767f1fffd12fffa7f864f9d3d8ec6da1395ec3840ba11b532417ddfdb4a0da1185a3d9e204a6339e42de26d09302d0bde4e954f74830230d6cb1c2e7098d357e4ee393a4c0222f918d8cb3396f8125975fac5aa51c9f636a067dd41b3db4da5db4c9eb6bc7585f3fc6e6c6114d837bd8dba536b07f17e7f6ee627ff71edd7b384f96e9203e4f3eb77f1b7bfbef6067f747d8da7e87f9bc474de13dd42a37a9751c105886ec10963a8d091254a9b95aa6c32b4886ebe81da4e8c8c4e8d27ed465295d3131e8115186b960bc2b477d65578e8ab47c2c0aed2d3249d7dd69abb64a077869eb2efead3f738c5f7ae50d5ca8bd81eae86dd6b5c7294d134a510928ba9c59b2cb665a89a439a8ac650e542867895c5b287bba9ada5ce36872316c3cc5f8b88fee610fddce08e3410bc9e812a68357910c3e89747201995e69c79a687fc12edb052e00c6fda91029f7aeaeaba3d0168e793a567b1f3d8cd9652ed23cf51f074b2e4559717c89d99f5af88cd9af5c326cae8a9ce3e6b77a794ebe71d640494020513037345c55e8fd48f7834f13d9ed2ad40706f72781ac8136bbe8a770a20e2af543b4370eb982ddc1c6eefbd8d4edaa3b37b1bd731bdb02889d3ef6b6c6d8dd9c6267638aedf6081bad01b947ee908fb1d63e46aba9af9d7132cd12aeb8cc5b4069aa5a64f6f42cd921205cc2b8731de3de369264487b7b88fedd210eef1ca3dbef11601337f1f967f2763d4de63f0ba0a373053ed514b90f6962d6d331f6da37f089970ef0998fa7f8f4cb112e6e0d881db7a95c51a3198f51669da26c4c4d89a011dde3d038606a0d2c9197a5b12ae1f9940ab94b7beedabfdb71f7cb07a3ebaecd749c61d019a37334e20a3fc3745a4332a5f931ddc46442404d7457a65eb843d3c31e992698da0d6b2aff192d52e88f07a1629fcda1610124dc58749a84adbb52b34c9b7830701009209284a646c281e02fd53dcae0fd7049c210b28a85a8545da31e1aad119a6d6a126b4768afdd25df46b3751b8dc61d4efcbba60944b3bb1cc87739b6efa094dce2a4bf099067c90d8282f80e41a14fa6794275d85637bb87428ffc36914cf6b93a5ec5a8fb02c6fd3d7b314ce7de118e6f7631ea0c905176925bbe2a8a5cc738f6540c325693e83e2cd509666b6917bb8db7f1f2b50f7061e35dbc709e66c7c51181a3837a996091f4681eb14d1332fdc0116576ccf268a2e9aeca7cb293b91a997cc55a218c5933b2fb89a4150928c48a6b41ae0d8a9795a93dccd0ef4cd13dce301ed6080e2d8c475b980caf6132be8a294d9e29edea84724d99867aab725536ccc472bc0f3d8ab49e16f2b2f15de3ae507ab24eb400b1f0434c7f1e761a85f33e7dbea0d0efd3da9b8e3408f29867d383c6fb71c9ca505d056e93899ba4d480623d18533946353ea619a2b72791cb3ca6d65113a0c443d4f5a2d278c4384354229a11b4d1f5604d69c68945f325e2a4b1769bb2ae97c5ac534b781e93d1abc4908fa3567a11d5d23a26bd14d3de14f65a27caced21840cb2d32ebeafd8f4732b4f9cb63ecc4f7f0673e0dfca94f1e63abf21adad977f1677e26c1275f1ca151bb854af9901a478f96c908a5e904b3c9805840ced8567b3e4076ab5877586a5720b06e9ed22073032de0c132599bca9eb528515ef6decd71058777a7b87b2b2160d4a9556c61d87f1ec30101767c8520b18e699460ca0292526c8ab4f617c4f9a6f999b44a8641b6cbfcf492ed49d85c966b2c81b87d889cfdf9b3290893ac01ae74d6513eccc0823e06d960b97f861f2285faa88e34036675aab30d74bb318e8f2a18f4da340162c49cb491008313405f9ad23d0ff6893a7b60464fe14dc9da3cd3bd119a10e20c11edfc3201c2bde158a45bab2ac421bd61e80a07f80bd4b4a84d0c36d1a5d6ded3558cbede26c2744c6f57128c97e9510417d28495361cfb7e191de05ca383172f74b1dffe11ca83d7504fdec085cdb771fdca1136d6a945550e5029f5a9414d6c0ba344136a4673324bc6e491f18ce7f4acc6dceee5c8a13cdc080aa5f95fa8c2321b2926c78f76e3b32afb2142efb8c43ea950a3d8c070781ea391b409b281440f094d8d34d3f34594b3923f089d36a8fdb858e4a791e6ed367343b2d2d58df90d39faa75de2c8ed6ae7e1f7a7bccf9546013edd8321fb9cf27cece8319335461357cc158b832dcdf6a8d29e47af771e87471790f676501bada3326d1128aa0482129976391c3038b08bec729e1ee58dec715e7db046b7b2eaa4b3b93529b3196598529eb49f87e373184dae62926ce3e85e19071f508be8101032adc292ba0708d9d7c68f43022eaf05f5de539d1ad02b97237ceac52adaf107a825b751a519b5557f032f3ed7c5a5cb7dd46a77a945f5addd65dde3af8d4b63e6974e0878040ab92981833ccb6882d8eeb709c9b90b24f9af62470e4874c99766daa88c212d9c513fa6a65743af4fcd6b729120f11c928c601e1f222bb35cd4598a367a9fd1a351e827b24dde797f3890f06129d53ef15c6174eb40ce5ecd75ff97bbd6930fb461e1dde0bf1f857a14eaf758c9ea21b2fc43cdd4b69813b841b0d84492eca04fb5f65e6717c7834b184df719b6c9736dc669d35da32b3060d28cab1dc121bc2adeec69cb562ba10a21409412aac2136a105b1853551e8dae13202e7345ace0e8b08b5e47fb1754b04b15b236879db4e7f50b2c529e62eb365238161769f9d8eb10aa1c591a4f353dc6faec3d3cbfff1e7ee1676fe3e2a55b18276f110ca6a8315adcbb8917773af8ccf5dbd8dbbccda60e990fd76a8183f671f4842b3529a204f120b5f797a634458c6dd39a1357cfecb80adc87186b21a26bb3b42a13cea887e1f10146ddb1697c49b24f938d403bb8c2f2ae109836195b80ff60a52d92d214f929a5539bce316993925eeb0e8ebd8476a1bdf14660b1c4a113fc589bb385ce49f929506e3ee999be4816e4bc0b646945ab4e3e06b23ae9a78a3b9faba35d8413081028a63bb87dbc87b7ee9dc301358ae1788b137b83d6c02607ff36e3e88b528cce0903fb3e851e96a971b2508aa66568a3d2ad6a1955e16979c4d5ef1c3a872f61347c8900b185e3e304e3d198f63d5768961f7390db150aa691a8fc7ef112bb8de4f91ec59c79b6c08be4fa4099bb49974e682e8d6f62b7f4065ebef4033c77e58b28d7be868df39cd8d47eea2c637d32c6c5f20dfce917dfc78bd7fac81a9cf8cca29c4a53d23d05c7cc6b4a3f030906148cb1f673b294c018c0c2aed4482e8cc73f55c61c02805d1a57b0eaa7303bcdffac67305b227d8763d6c3b87303ddbb3758f70a358a5d4c8757d13fa236d1ff144d9f73f3f4e407a7a2cc023fa365d2c2e588f21108d876934c0c3be5d63517cd01c759823cd14996a7a387e9bc908f1bdc8e1f2fb91234204d05b79f423480d5fe08634efce35e13079d1a3ae31606490b63ed5d7032db531a9491a5cb1fe5e544a07c9cca2b9676a257d0ad71a270e59be872e726ca539a37549f27d420667add1c0b76cd0bda41defa021749b157b168f938906ba74dbed918a5e921e2f4039cdbbc8b8fbd009cdfeba116b10d4995f5adb12a3132bd8fb27c0f1bad237cec5a8a6bdbb7d18c6eb1893db68bedd49d92ba4f82b3dce6b5cd764d7c07143302459a8ca9418d30a59bea11716a1e7ac18e80ca002bb02d51f2cfdb6c2391f9e97d0715ca5afb35c3e32374eeddb2b7af9725cbe40aa6d4ce326a16bad3c25ed8e39beeea44768727a4f88c1e9c74df9e17a40381f91d67040a13ba06af8be5c2cf2237dd34ed42b7982ff4d44350c8c1e5f2619072d6e07425181859088731077c3a6b6292aee368d0c0dd0e4d8361954051d1ad44eeae438280bb3d5997003d50d8440f7b1d02094d3a6a26930b5c59773998d78121877f6788a447f59d83dd0de4826c0b1365c17f8242cf15793505ad49add3866bab3ac276ab8717af4ef1e2f3336cac776c32cea6ee9b9b6a5f12b11fcb47a8c5f7f0cae5293e7eee001bb59bd47abaac963425bd00c63f5a2c66eed60a0f16265b02863ef821b0982623ce7381c5d881852e9d06c008a091f7473e024dbbd26bf6639549ad647ceb6d6a11fa76489b20711193de739852b348f58d0ab64efb67a2a2446cfc8503a385032395fa8c569381849b21628acf58c3d60fda70cebcaef34eb05613ba5a55ecde88c03ad6cfbb0f432a31f047465620ff89b99ace4a754cd30d74fbeb38eed21d6ca13fd9e4586d715c6b0f42f1f5fdca115ba70d3b8247267060d3c3cd5334336634314aa32b288f09145d4ebece00e8d3a64f08278c6bf988ac6ceff09fae11b9cba1cb6c670a1c7e967c819d87ffec8f4615eb5b2bddc3fee6015e7de10857cf77518fa859e84629dd2acd59994619a6bacd9fe0574d7ab8d838c0cf5dbe85abd42674e76854d6edd822f5bbb20f657362b331f625294e59dd4d69935f804080c8520245428024cf58de6c3631b9c96cb13806125eb3930c39eedc5b9ae96ab1a286874986d1bd1e4a343bcae97902c60b188e2e6198ee519c022e66b1925c3e39fb1a8b4212b976ea192d90fa3417573ed41604e9c21d99184fb00687583d2bbb5c1b59ce0ef5511e9242c95637cf1f29b170134159370cb7a9516ca3d7dfc451670d9dc13a469396dd566ded0dcfe26b334f66861ea26162bbb44a90c8a67bc846d7311b5f2248ec20ed503edd21fdbaacca1414d362fb58b04dba5c0ade2f9a87d9c42ffacd1bfc73d62f74a526ae2ee5d6cbc7b8b23fc4b573b7b0d1b8891a35063dc16af52030a4d114533645f3b29e25d898ddc0abbbefe3fab963acb70e10977b1c38ee32a7c8b20f456a2c3023634d7a81845d372508d84627818180e1c0628494c0e10043a6083532a5114288cc9c21f07a37c877746f40d383e6cb781dc9f80ac6938b18d1e448f5d0524eab068d1744ce73526ceb73ef7f467372e606a532df99a76ba81d9831a815b84d26b2253b9dec52a7b40891d2feb492bd9f521b74048ad91aa6535df5d846a7b38541bf81895ef04a20cc38b0c33b09656ad840b6014890d0abd7b4d9497363aadbb1d335643d4e1882446992a0ac245eae6efd94f895d64d0a738d17e97e7d50248beb3a98b5626b4a536cb652bc7cbd89cbe7fb68c4c7040edd463e6277b1bd511719d51b1901259a1ed5b48e76dac7f58d0e5eb936c3e666974ad63d564b775e2ad632592bc802089d174014d8d210306886ccec1e0bdd6b31a19641a02020694f43e062daa9555be39200418e74f995f51977a6e81fdea35c19419fbc9b1220ec31726a782cdb6d7aba6b73fecff8193d1ac9b8a630e93157bfe0d26703963e2fe133051d4e0a246493cacdbb27f09c168fe6a412ff38695ebe1fe40cd006643a6b13283630a02671d469e38826487fb48ef1748d2b186df952954264640ad25acb09a6a72593a9789b71d699638c31cd8c6ca4f74e30eb2521687887d5535d132687f98d5dac9c2d40fda357e5c5c69a48110df3f04dcdc8341ce5c9bf711ff5d911765b77f0e2a5292e6cf65143d7e2b9bb25d55e4e60554339b36cf70a64c6ab1ce0f2c52181e51eb69a7798ee1ef3d6951cd55175089a8340400f0ee9e950ddf2ee6fb0b231e1c74560333306543a094c04a24c668881854c10c6b55ab87ad83b1ad5b6841adca484c1b15eac3b24de50ce942f269708187a318dae52a909021af3fa5c56d359e79e91235ba61c623bb663e750821a2d1e30742866e7ae62feb3cc9c0aaacc5c0acd1b5343576815beb89c16622c9ffcb0494df01a93da52e280b44b9c1cd8eecbcd3c57aad8c75b8f06fbf8a0fb12ee745e44a7fba2a9bb336cb89b7aca549fd9905946ad61720593e116a613bdf139426f38466f3cc4d8564cea0e64fb9c9bc46513cdd5c376df6c074e935b00a01b97fc262123c86cd0fe90364e4d7bc9f41297262a4913d5a956ff889ca26aafc71b1b68c41957e2c121ced5efe2cf7e7a849f7b618a5ddd4ece89e9e636cb62ba92deeda079ae307b74be8ba43240af4150b93cc09fffa50a5edcbe85d6f86d544d4eda9b91062590d0b6ee887daedbb5e9ea75eed452dcdb996175880dc4d4164217b5b5124d1fd0dc2995c8599f1845f951b398e9a6ac99e4a4364a3ed2240814c2b129359de10cd3be1e3a23204ed7511a5d2258ecb0de2dcbdb69136a03ffabef4cb0ab49fdb54cd687627f5c24eb07cfa23cee123f2964e68626b7a185c85ae781c16b1226a955d22a90621aa953b51f7122c17d3210314a51f87f5ce4eae0572f3b76aaaba6a7eed01ca72d1c0f3770d8737b14bdd11a6de216d7cd06527d0eb1d430132599d2d448da9c74baed1b180e4704195d0a943a2fd0715271ac03818297b997a8810223e843c03135854a1a23d607750562ac8fb024d57b1ecafa6ee3d4f61352825560dda7214da1519a60ad720717766ee3132f1fd1e4780755dc455c1af9b204524e73715aa5d86905b348fb14049dca31f6d6efe1d5e7529cdfd0b73bef72a26b7f62c0a12280d086a5f2d13d1f0202714103a24966869575305bc6f320f0ea73f7669acd621b3ababf626a974e873c766688f58192c99f0a1cd87ab1293f7594a9e59568ced9cb53ecae57d7162bd93ad4bc2748591a9d727e39dcc965ce4f03e57b121a18f6108efd285cbf27a1239bf8faf3a87e161962fbf8abb4879f740a350e7209e32bb0489737a75c41fbe3328e07258244855a421d439a1ed36c13d3d93aa65cd9c7d32ac7b4de0414633248d03f728f81334b630185a68d7e7631c84a3058ca6368a2ca14888906f5a4669a4225d15b9df4bab18820408088c798567b18573b18d68ec97d0cab13728249cc3ca8c2b768326cafddc2f9733770fde543d49a3f4229be83485ffe2e5068afc683b42839ea4fc163952b7fbbdec74bcf4538b77b8c4ae57d44f12d02854c0fbd0486694debd11b8fc4ba97422fac217ce8f90a015744738b7e77a9bd617b36c87658c40e65d0a63c08165624e36423bb7c9ada9511bf8fa187cca4b1f0bcea2a942c53032a4b03d2d524bbc2e164e340c2c1bb8dcb67f448e4ae6e081c8cbddf8689842b5698a252ccf43861af668b6d5efdfb292556ddc961910369a19795ae77194c38117ae33a8e7a35bbf1aadbdfc060bc8d49ba43de34d324235868b32ded7332eb494f2dfd069e02600de2c04ee65680c99293bba4cd53aed251871da57768ba555eefd1941951a53d5fa53d5f9b75d12af5d02e75d09a1da1951d90efa091dc446dfa0efddf432bfd3aae6cbf8d4fbc30c06e9b1ac4ec1e8147c60aebc1fa845e57dd5ced541b4e6e5f2d7b882d3b46bd7c1bd72e74f033af8c7079e71d6cd75fc35af47d96ff43baef60adfc01daa0399275d0e4e46eb09e0d9a0ef594d35ff5e6248fb3012ae892f5a260ddeaadab3c9286f64512b6952040d6ebf3678c93cd74156488241dd03f30f0984e8704de01a6c384405ca64947c0247882669e7b3dbc804257a09c3c1d9f4ef95946b724cf2827a749e4927103248046109c93198ff219b382fd4c5a38fd6390ab8de39f14ca9b56d2d06e7248af639cada3d36fe0de31c1a2bb86ee700b8389de75a0cd4aaac08c83694dfb73e0224af9e8b22ae59b4fcc424b431f18c86a0391ab66596f35a6bd1e31039dd60a9bc8763fb6e72f9ae43679637a842d86ed7072ee958e71ae72888bf5435c6e1ee0d50b77f0eaa577f1affe5c867ff5e79b343d3e2073e5b787d2b49fe08a3780a02baf81040f0c24d86a6d52c604891635876d9a2a7ff2d353fcb99f4bf1a73f39c29f78b1874f3fd7c5ab977b78f1dc31ae6d1fe1527b84fdaa243421588d519b4c509f4c51933fe9d2643a40941c21665bdcdec9943a0441836d2e43575a242c7f79597e8665d990ebcf90721d623cece2f0e0007d7b0747c463c2ea549ac93a4144ef6ca4164308b2d6e8ca931f9f6791c4ff630edb27924ae3a33e87a4ee102c631c95705c8bf0e5e31bf81f7ffbd7f1d64e844185aa327561b7a268d75cab998d9c05d2e09284c7b4bbd3bede37c0d590c7b21db56925d2cb417e5a49ef3a5033cc241080926dc5b38fb6761095fa68d433b4d762349a1157f92b40ff25a0f3318cef5ec3c13bfac04e07b30927000d6fc9cbe567b91b97f5e01807b6bdcc45efc3a4bd5fd24b5fb411c8595b2a335f96a99558dfeda895476873c16c7122ae250334a2116a8d0936b633ec9c2ba15ae7846c8cb1b535c3d6fa10d7f67bb8b6731b1bd1b7092cacc3982b6f34c1b4a2ab0cee36f229e7e42dd6531718aa15ddeb91b2ef652e4448e2c4ee9f48b20b18a5977077b883a37e1513aee22957f1645247af9fa0dbcb70b7dbc0719f1a56678a5e0f383aa27195d5a8095468f844e8122c938956fd0d8e3c0269a9caf6a59896091102e192c6a44c06bdc9590fd4e93845428dc9065689e64ca389bdab57b0ff0235b6e61d6cec7d096b9b7f4839bc8e4ae92ee5c6f8f108a32a4195edd393ba8e9cbc257b8d6bed11f5f55571b6d3f58748711c39a37b7efc2452449378ab771e7fed97ff737caaf473d8e8eea035a1c95ca159373aeed382e0eac6513861077504124737f03ffc935fc79b048921078a40c250f6a300891065de5b3f11e440a2c06c8b36ea9c6d4c93801c45538edb121a2d7deef71aaae35710775fc6f0e67982c4318e6f1c531654a7994ecd3399baec8dcab33ab942c039a69d4f8e743f42c78022890f8806c7b8b853c7a5ad0676ab536cc553ec1125ce55667865ad820a4d888c93a3b5d9c7d61ed5f4d20152e63113706c55688a8c30ebbd8bad6a8258f77f4d041219f3567de62071f3c62248587bd9fe8cf168feeb4651e6bd66efc8194db511a92b1c52f5eb4892122654ff0f93167a691b530251326e63d0a9a37bc4f17598e2d6a48a9b930a3af71a180f36d0ef72fca5443b0e9861b989e3689363450fcce989d33a83b5b721ad462fccedfb31c2b04a13eb172fe3d2c777505aefa0bdfb55b437be8e66f43d54cb37a89510d42a038204c19679457a102f27bbfacf3c4f03893969fbfaa906895e8720e13509ddb3dfad46f81235898f02247c929c8aa7cd5b3cf9c74c459050ed5435fdb79d779906ba9b50f6755c42ad56a331f23cd5ec4fa03ebe84d18d1aeebc7560dff08ced7e04bd96de37cf0c3e47fae0ebce7a132feebe87ede8bbd8aafc0057cea5d8ddaba1b2d147bc45d3a24eada19e609d13b64501b72295454d81133f22506554c7cb11350faea09c722c4937481114380723cdfca934102201fb45b796b3eba1ab9f39485089b979f398aabb4042571b0412aa1c5babab13acaebd1fc3eea0905f699581008579501ad202f419e384ecbee7400d82abb8f29e8c66182455f4933a86048bd1b489c36e0b770e2232706378116f8d5fc2ddc332c185e06320a187b7a4d1b8cd4f4d5bfb56445447757b1f173f7609ad0b15d436bf8de6e637299f2fa0466d222e4d91c67ddbd015d094753b7d4e6a8f13c31c24d41677ceb1a3a71e248e7b0e2474f94df7c777090aa7820405a58daec70112c1e74f19854e5acedd8e8b11ff1828981bae36f3da87479ef9cfea5f2a5550adb6d1c89e472bfb245ad36d6a1253dc79fd0e268723ca4397099df966e230c139aad523ec6e94f167afbf835ffec4013eb1ff1adaa5d7d0ac1e226e1f73a1a61d1f75ec0530ba6548df0f8fb3a6c937b6e729085646aa8f86bff75b39de6f2cd2799da32d2f00508e54c927a64910249855c54042ed5372666075655c6baf6542920c74a070e6ca283ad2be8b5c775dc45780011a13e183309328c2b8444d237a1ec7c30bb8757b1bdfbe790dffe83bfbb875b78a6cdcd2c39fac0beb40d34af7a16821b3bd06ddc3526e103c7771e163cf61edf2064aadefa3b1f12d6c6dfc36ea956fb345536a3f3d4c2a1d96dd2048b499764e92ff8226e1eb6c753576f4b483845e4eecd0d4cb408e4dd6153251d08ae0c74eaea3e6b47cfcc745aeedaacd9c4d269a3c36d1c45a55b5a26ad34c1a9a06a12e7b6a05d4254d86387438c1fdac871f1dbd896fbfff01de3a1aa1b57f0e7b5768775fba8ddde67bb888239ca345bf45eda0591ad94a09adb0babc18119c636a0ed4227443571a4d1cf35c465b3fa316e09e5a650d8c5937b23dd16a13ef7e14eaf96390cf426600f508d44a3d54a32ec1688c356a507195a6478f5ac67115d3a12e651200414d4490631b99dac024517e6e73972397202620b331cc856e4270d37b2f5ccf901457937cd5807e5072c8e659fea78bdce808f25b6a7f38b4bebd8f6c1eb7e8945fe09f243259b0568e1d05d9b8634e3a53b17573103534921e8d4ef5f11fedd45b3ac6d4a00d6c2939942b52ff6b78f3668a7ff8fbefe0effce3efe15daae1d3b2cc009a118ce6ee9998d06c99d8c6a9f29c718535e6e49be91e04bb0f414c538100312b6b2596a9200dc6693181cf9e3b21828fc489a96fa9d8437ca641895de357f7d5c9cc959df672ec16709236323b83126e1f95f09d373af8d2d7dfc1ed1b630c0e530c7a3324530182345da50b25f8759d87aa4b921008890c0266ddd93a25766ad35320ed2e830ab0ef078427ebfa8c1c9945ac415e1491ba22b0289c976be13c38c10a57e4d328e4e1f94921a74538575ce6eaac373d1b97628cc7638cc67d4e06aacbbae6cfc9213bde84e517265906e274c0413da69e3079116fdf7a1e7ff8fa257cedb57378ffee0b4c751d981244b47398729ac9049479614fa10a80e80f82557d38274a6502923acd0a22dba540efb7634dd4707c1a3133d5912cb53c00c32a2e5290c72a96e6a2b75b8f67ebe8277bb8d9d9c13fffa33efee05b3ddc386e208ed751a9b90f0467342b7447a6dbdb9091e526bbbb718be5d21ed10d6a29c1c20182dbf09ca59ecd4fc0ce2410252ab07582588e84771a3fddb400af411c26ba15f27926aeb3c9e443c169a3cd0d58275eb7f26abf40ec06a51f9a3949defade848060966e63945dc31ffeb089cf7d3ec5ef7e6513ef1cbd88ee648b30b38931275112319eb2a72651a629a3e71ab4ff6393c7eac093d689aa97b417ed1288759396ddcbcc33327fe6bb0716d7d29b778918686020e72428887c718e56e6e1685aaa60586aa29b5ec4fb879709846d7ce1db31be736b1d07899e81617dd9987224ad4c1ba29ae4babd9d6c5a4120d683b24d0914024d9dd325d392edd8784dc286b8098aac4aade2408ab3cca46294a79024bd0532b178d9146901809fd119a4c959546f390529330e677add8a1d44a849257f70ab54e55b53dd81d8c004fbe8953e86afbfb18f7ff8850dfcfeb7d7f1d6780f774afb18d6f631adb46dc351df291548d8bb27f5525edd202537231756de134041579d69c7aca00317c696ab045631fe2d018215e93582d3e8f4338e04121d34f1ded10e817013ff826dfbce0797d14dae23abec21a576a417f9a86d46d222d275f206fd026095e02a4803881a8eb4088619304be328caff19fdb8347fe98c1f074ef464c9dc42fc79e7354f1ea7c081acff9e400a93651507321b9fae6d5e4a50060a020d0e5cae6a9a92213653daff397345e40cd5bb6cf4a056a2fb176a3b38985dc5d76e5cc3e7bebe8fdff9ce27f1dabd8fe320bb8249b46ee644952b686c4a418dac7b15f40aba1a61c0ddfbe25e625cacdb9cd455c60c94eb6bedc022f8c9a290368c0bb1430cc6342670e43f5d75a9a19ae889d412aa9cc455653aa504d23a7ae9cbf8eec1cfe30bdfddc5bffc5603efbebf8964748e95dc66a67a2bb964c51f41426c5a8fedb3b87d0c47798dec8891e8154808204492bde28b439cb348e9d55a719142d8aa734f072dec4904a01099f8bd4c8a7142789103e5fe42d81343d6f033d83bf656714e1a01820d5453fbb589e956377765815e93115398d0b5aa1314a2192695993db0a52b139db48c41ed3a6e577e115f7aef53f8db9fbf8adffdd61e5ebbdd46674a8d8159eb49481af89c0b5a6ddd8355f62d117fe522ff4c02a38855aeca37af2f7ec17fca311be03daefeae1da13d0c30b6d3fca3c24fd0aa250dd4586883618d3842ac87b7260dbc79eb3c7eeb9bcfe177bfb183d7de398fd1f82ae39d27a0ac13f0d80edb871048844d5969166336569a05eb6105f9ca1918e85061c1c450b837a90c58742c3e8b7ce5732ed259e79e7cd282b14092bb0d027f5ca47cc03ca3fb90a4a7c12b5722d69d8352fd75cb75d9e6930469134cb14ec89b0116694ed3e93ade7f6f1b5ff9720b5ffdca55bcf1a34fe0a0f7198ca36bb45368ab53fb40dca37bcc49a5bb12fd84b22b0362d7d5a11c9b53723d1749a7425f3b6dc9821d59d508038bd55b225d67d0035cba637488513942af721107d1a7f147777e069fffc3087ff48d0e0eee369066fb34177690608dd35acfc3543dd0aa504d704d74691361b2ab1daa041d1eab1e7a0fa869333a2fed8dc859127a7af3ce45b604cfe81168012416c4583cf003c6828a03e6a1e8e9e8243fed1ddb40d7ba2a70f0ab9ccd2ecffccb6317c553f47b9acd36319a3c8f1fbe7e119fff836d7ce9abe7f1c3f75ec29dc973e857f6a979b02ba311b2a8c7bcf4219d89af82004a65cf3355790bb45c5e8890473c9182b4a29224c5d43e416936b157e5e96ecefeac81773a1bf8f6ad0bf8ed6feee34bdf69a2dfdb47b5fa02e2ca1582c216ec2be1d480ecce4f8184e5c3fff9266b516310bb18f296a852999943796b5376ce8aa3686affc2507f460f4127f624445efc3987e1508cb392ec3c63e71d59e407a7474ff9c74b565fca409b7f1a92f6a21406385ce03f7fd76650fbf52f6c02da4660604f5a216d9564a24c6fee8e76319cbd8cb76fbe8c2f7cfd1c7ee74be7f1fd9b3f83cac65fc4841ac548cf4ad0acd1e4d2fd14511a51c1a89a49e2362c1d593f8a8d58b6d7324479e92ad615fd50a4345af3c7ccb397d6312a5d4537fb045ebffd02fed9571bf8ca1b17716ff432a6e9650c26db18a71b98ccea04139a18aa8684c7c2830923b3cdd8fb553fdb5cb58ac943088c222736824989a6891e1473351778e8d66edd98254dee34b2c48eadd14bfc94d349780db2f187263b393ee06c91e96c814dc0457e70b2141a039e7f5a685e6f81c31c24ec8bd90209faf3f77258c4423ab16fab0fce29d5f310e52ac6a573e8272fe1fb6f5f2448ace1b7fef91a7eff1b2d4eb617518a2e22c99a764391ca7797450914cc539ff60b458a96f30f64a77952aed5d15c1f7e823469c36f4e1927eda8bc8e7ee912eef4af51e3398f3ff86a055ffd5e0b6fded9474f1fd5c976edbb26633d145622b069e647d47e6cdf41e440417f0612be041399af8c398aa2cd1913b2363875c39a340f9eb5fd206d66864ba2a790cfef19ad267b0c43322a0266382eca4ea70b511e892c5fcf4f323939a9955ac2e9da0a49d6403635c3856962842f6b29be9b0aee72a492cb1fa49595c7482a1d4ce22946511dbdec12de3bb88edffbe226fede6727f8ee775b4893e711972fd134695b1d9cf640b55b8065c7abc9408b75705f22d32ddc4edbd11808fe62981b2bf3039bb4564de5a3783126d52bb893bc8c1fbe7f0d5ff872135ffe6a0d77eeee111cd60978ac2b352381833d3752e6a48e6822d154b247e4f3bd8493642041d7eaa0e22947dd4f61873231a845b88b2dac97ed53f888c6a750de0065bec45efe4f33b9f12861cbf59cd3925c4d66a262e43c815f4df2e340cafc64079d88e6e964cc9f1eb27165c0e05f9aa21ba8a44d440ad5baac49a889e46e8f7652f0e0a0894cd68aefc0c29d961b64a2e72f128efb49c495b1790959eb1378bff3a2a9f17ff7f766f8d20fd7d1995db37b0ddcd7d75417b7aae67de7292fdd4e38905224573f85bb730bc716cb60cc5848675a84eec2d4a7fdec2ed088264f1d87d3abf8c1dde7f0fbdf6ee30bdf69e260f212d2da7594aa1b3c1f11202813da4199567eb1dd62aeba2e01848d1db155cf61ad2ae2c30c6809322906748f093464dbb4b5b3f42b3f991f4bf99e20d7ba13ec0a7baa292c5ad61761b5388b24334599f3c9a3392d9e5ba665f18718e6fe94f54dde427d7c66764cee52ed1f132c3254ebb48bb5b1c8080120dce4741d203693c0428a60a10958a25faed4667d5ebf6213ac4f5bfb2069a313bd80a3fa9fc667bf7d11fff7172bf8d2db318e68e7bb7b24b4e927f59b13c4f270b574135d1c883ed5493f732dbaf387f01066b1751f83bba4ab66e8c956bb459a75d62dd47afcfb3beface173ff32c26f7db386779257d06d7e0cc3ca39a4e5069920a3674a228269dc6736faee28eb6a6681ee2911f8906962995ac023c7aa66d0b424cf12aa8d1a6a2dcab47c802cbe8952e516c3dd836076dbba1eacd337540c80ce2266aac6c85dc94f2fe5e6c69c9c508a43486421ae9ff22e9bb33fb18a0ad9b88137e713c4b8793ffdb4515e77ea0bd9040901421fc9d588aed62ba8d43801aa9c58612924eb67d395871af8ce2c98cbdef29374292cc79c9c9c1c8a211048a9ae2754db27b35d74462fe0ebdfccf0c5afdcc1cddb0961416f77e20a6fabb432522ff97cf29f2307044e9bb09ffa273fd279c746e632d40048dfd69822627a6160b9a4fb411a188e1af8fedb29befb6e05f7467b9cfb3281d6895555e8bd9a8217d74eb7cacb2492dc5488ab9f2f26902f5cff4d4ee1a81c21ae31cf2add0af3d32bfeec6d5ebaafc2994feed2e90a0d65815c6b177999ce3af764935bbc286f6bba0da6e5413a279d79540a59b9129e5cb289a5e709b294402190e0a4a801156a1351854011404252f0ae9bf6de5d128e8e257563ef9f934b2f0da334d517b62f62d8a13a3f691a48d8e4b79d7e4d10164c8009af9a77a0e3badfeaacb8669e687231cc58613a5f6485c96cd2cb6af5111e77d5242e9750891bd49e1c48bc7ba784c3f11601e222a268db5e1d574dcba8d12ca9a44e1b503a63fa75ec80d2714e0610aa845c9d0bf5264711c1b78a2ab952ad101c246fbdf68fa0e001c27dd059feb340826485065ea2b3ce3d05e446492e80b910b4aa3937ac6d7e2853c57b28ca052c47ab84fb3da9142e65ea8d4ef61e090ece884b67a55e83ff54869309593fc9463f03e630217219ad925390a7d8134d916cda42bdb28f667d1f35dafd4ee3e0af18dd2729aed6ab4ab1ea79ff02e5097c464ba43d093d6715d774bf03cd1dd6a1acefa932d0e462da4248ab63c7ee03c8a7fc748e698d99a7545f8189288a63d41a0d2a14ba04caf088c065e60b350a33398289a1724cf02758b270727f46a791bf2ddb0f52f997d891038a62c899a40161a43cc91c542e07d729819f64b23941804867ee6a41bdc5c15c215ae4b221298ef72e48df64e3e56461cb145279a2191295d7904eeb54fd5b6836f420d43c7373f48f61f695eebc0c85e5a53ae2b10685c7b145f279e4690b2420485382e22c43bd5947931cdb5547bdef616aa069c93dcf4bf5acbd87657688ea5d0724b9b6c1106910edb536454a40a49c4b04893241a2645748b40f210d42a5f97c42dd0b7c9a849fd19c24bd9c72b0b0a7eab40a692dd2090a5283db3aee6c91e673c0e27bff53451ac15273753d83538432d4ea5a6f36d1209bf15e948d97ad0dd587929772f74cb5bf5c71b764d7db295a6ddd5025b3c1990e2e9ed46d1e7813e354627d8d14d5f9ac5a9a6b6e15f775d55d8c7a859ced93b8b819f49c85be13728c9d761fbbcd0e1af111cf1c2163f8349a62189530210aa5ca42193f24151f588bab55b6b54d6d851a06c363bdcb331af398660765923f1c66b50bad79460f4bd2498df2fe628f9ba911d88867d909c1d450e82287782217773515e3ad2026b381735af29f64f27537159f03530f26655ccdf4a2198553ebb6016d4f65e90529d6483fe1c4b9ccfc7110552e32853b69e71c967b4e86c9ec08eded046b5b048c78c8ec5486db8e7459caa7d59815d104d7fae0856da6a4b7f33385295894172145dfade276158659d967fcf41531bdeb41e9597fbd464f572acaa51eb65a036cd68e519de9c3422326d47d10924bd9ae6e6892332b5228ecfea432ec8135828cbd43262630e86208f38f987f4c8ea845d8de84df8fd06567c1d7337a7472e686f39b3bf77bad42cc8e711daaa38533e4b9cf8e2c13fed39fdc05521c759858b92c92cee6eef2c99f70727566a523aedef63dce0e92f22de3597cc801add7edb7785eabaf4f20e428e9633d9c38149c9ba87279dad8fb292ea7d5493bf1ac63cf0927c3b43e4479bd83ad7377314ddfe304d63bb0fc03a274559eddc790d2e4499a74f5bdd20ab9ea584f8eeae12ab2aae6e4af57edeabb9e5ca9392b0d24986f8d19d699b136227557a72e896a851710097ef421e1bdf508cd32b59bb13e0f480d4a2bba8188eb5846f1acd25c9823f9c93690443aef58ff759fc89479448d1ab6f65b76e9b354791771ed7554e21ba894f49574bf17216024cf47ec6a9a97f08c56510e1266ba795139b343e1ce75c20b313d85c33cc875a2334b164eaca4d3cefe347794c6b5ae08e8adce7abbf38c9324c5318f3bc48604957a647b13a09a2cd3cd6c69caca0d614d36cb80390516797f2e98e0a11b661a2760b53145736d8866f390391d7342bb78f3155bb9b809e348ae378b2c8eca8f0918022e020981c15d05e121514a9fdfb34b95a69128397362ddb5aa6be22a0fd55497386be90c9b8d0ccd0a57f6542fdf177468e20aaee6b599f312990c8aa44ab8b6a8acac5ac6c6ee16da9b4d8a714cd9de46a5f6262ad15d96a52f9aebb2aab25159621d2de7b948a156cfe82469e9f23407062d5dee956bc589cfa87e50df972c23a7483f6de424e656fb6ca6cba03239f4ed8b1157bb14eb9bb4a19b040abfa29ac12159f1f84144bb406e06b313a7a853cdde5b2b73727285a7aaad376dea66a485f9a6096e372e75c91daa05ba64a8773610d04c3567ef9b29e2ae1650dd60de9c702a876a84aece24e4719c62509da15f9961489ed006d104d6f73ca561b42633ecb4226cac498b2030240408995819fd620f600f4caa0a1dbb4b3562fa5a09eb7b0489f50dd6b44e0da28f6aed1d8284be74ae7b37d40bfa2f1682a94d85a1fe8c1e8ab47cb81e30721e8d2b37b6f2138540ef3981f63a667c3a36e8f3b4721d2fa77832892d67fbdd5ba9a5f28f31cda45174395607a83562b45a343b2a7a49abc0e42c92c40207a27f2991264693dac34e6382b5ca44f764da8475efda24db44514ca9df9c6452fd754cef84a907e53646e55d0c7001bdf402fac9450cb3f39894ce6394edd88776a62cd64c1766a5d55c777d26da5fb0b62a6f370db56711739169d6126cb452d4b40f311eb35846921242e071f693dae179653b17c9a2a980b884b5dd6d34d7d7789c228e0754cceea15ab981585f3d636dddf747d4404b40afdb605da650dae9a53e239137371ce68a4c60f45a980511951928ef7c9abb54c54eb6f33ebe1621bb10e2533976e4533ed12439e8aa06f508038964d6a3af43b3a38746bb6a573a746ddf34b605818403b104583c16934c94deefa93c9ba2553ac685b5146bfa1e288fcbfcd97734091f5c7a998493c5b264063275f459bec93a46e90e0e4bfbb83bbd84f78e2fe03b6fafdb2dd51f742f6350fa18bad9750c671730627cea1d36fd74b5466d74afbad7e4637df4a7c5c15875eae0dc6e8466441367a2af89b34ce203f4c5338144de26721847f9783a4979b39b75340410952a52cab552bb4380b88d6a7c9b20d165d9ba15de6ac9446cb001843e13c8f6af2037c65dd6cf6835d95476148042ae3a916cf6a758402115ce4b342789b6c8febff3928af197d33e8914da48019848748f043589591f134e1a7dc732aaea5ba14dbb5350573a82c495c0a576fed3a9785e29685ab08c3a4168a79960bd9a9a26e1e2e8522801224c649b847a17a65e2a7b09e5ec63184e7f116fdcf945fcded7aee3fffdcd3dfcad5f5fc33ffafde7f17b5ffd18bef8ddebb833fe59f4cbaf6252be8a84e9a818a03ea5363429d3d51d9425db8710f1106316358a67886a5334aa23d4d9cc2a41491b9c764bb64c9815e6866b951b8373766350a69b1b8b33d437b6d0dcd84639aea354e9216ebe8eb87a873260be0407a745f80a2917030a434717f48c1e9a72903011b2f3ec452914b26383fe9c1d509c4ea6416825d14f077473a2d74d08c74f1e155a67aba1fcda189c50351f7015a6364197b38426072798f625647250308117e4752a8578be0c4d0e7032967ad86e66681324647e589705906088ab935cbd2c7717e3e36ddc7b771b5ffbc62e3ef77b17f1b9df7d1ebff5079fc057bef3afe31b3ff837f0f9afff497ceef7f7f14fbe52c5b77fb48683c11e87c78ebddcb635a9608d68d0623175cec98a9bbf0612232ed8836a86729520519b904ba8c53101a2642650f8cce12a9a4b42ecc6a01b77f49bf601b436b751696d5031aa11887a889adf475439204868d48534ca5fb968780780103fa347a11c248c4c966ee06980bb4148a1ebd86b152e8a0702ff13b96ef03f03081f780aa91b570d953cc9aa933fe164a2f3ec564bc9500f5b519b409fffa94d944788384f5b9b0dd4d76ad482b94eea91690fc03958d8aa4f6f916ca22b3c0c7c39fa8cdf186be7ea88b72a18443396a3bb0dbb9cc0034ee6092a534e9db481a3ec1cde495fc157ba9fc1dfffd167f0bf7fed67f17ffcb3abf8877f70155f7ffb05bc337e19f76a1fc3ddca75bc9f3e8f1f1e50a3f8f2167ef3f33bf8a75f7c1e5f7be353f8fed167f01e5ec5ddf265aedce750499a34273891138e0d4de6a84b6cba8309276e6d87c735dd1f31619d2b94498560a14baabeeea790a6b71a6f8b52592ef3af9551d95e47736d83a0c0e95f3da21c6fa15c7f97fedbb4a058ae6e9e1299e6e4d93a44e1ea0b2fbf67f4509483841b8ffaefc0600e0acb6112337f028a023bb233b916a1df090afdb4ea94fad3f34f1b5993a489d160d7e69dbb214daba0bbb12a290d3121504ca38169fcf5f50a9aeb350e704a56570e285bdb005cd0c08a420ae161750c40c1c15f9e1070e834f44a7eaaf60d4e0e9ae11264593b8d691bc3d12ede393e8fafddba825ffbca26fec6bfd8c7dff8d2757cfead5fc0bb47ff1a6e8d7f0e77672fe3b8fa3cee942ee2467209b7a71fc3adee2fe03b3ffa247ef7cbd7f01b7fb085dffec33d7cf19d7dbc76b48b61728e35e0ca1e73e26a4e8a585c299a52ab3842653d45839cd2dcb2ab629cbcd6b767f6af8fc08876093362ba0adbd46e60e3dc2eaa75ca2c9e508ba08951bf8172ed03942bf708127dd645602099b032f668bd64a4bcf4246c008967f4b024291af9ae31161804d56d7e6d9c1340f29ec73a41ea025dfb2f8bb5255ae8134bc5e3907a750e3ffd149aec64452258e81a473a4b309d718d9f1d23abf411b713d43623ba1cd0716a9717ed8a08e3ebb7482b249603b3d4fd0c17a2187b9c882dc68b226d04d4d12fafe1d6741ff74a7f01df78ffdfc4dffecd4fe17ff99bdbf8cddf7b0edf7efd026ef79a185113c8327d4e8f5a0dd16bce7582d70e26048d4ef6123ee8be843f7cfd1a7ef72b97f1d9dfb984dffecaf3f8dd37b7f1adce25dcc22731acbccab66d2099c4541c2234a74dac13142eece9ed53379070228f6a1df4eb044bfb50c83285363a70705787782cd06bd6b0b6b58eedfd4d366b8a4afd162a6bdf2218be8db23e5bc676cbb4d04d5d0e203ce7c35bf9fa854eac7c9fd1039349d144a609ac714701ba412adb712e5875831b96f711b0e52176b19749a99ff42e72e6988992e464299539319038a2367188acd6e74a3b436d838359ab3ecd8ed59bc3ab241664ebdc8826cd0bfb6decd422a483120ebb2ddcee5fc11b47cfe15b775ec2fff60f80bff1d935fca32fbe84affee053f8e0f033e84e5e411a9d2710ac3307dddca5fd910273251e1338fad8c0b87a0559fbd3e8963e8337ef7e025ff9c1f3f8edafede3577f2fc13ff84a8c3f786d076fdcb98e61fa494cb317904cf710276dd4a91aed6ce92acf4d2451071935807c815f41b688500629d9cc2f715ca28654a546d2c6c66e9be6c531c1e15d82ebb711d7dfe362240d4113dfe56199d8b016fb402d723907799e26d367b44caebbd439740282cf85288008c396035f833f4c806566a4904ada840b24b4d0b57ed361819f5c0aad2b365a1a82f4892941e21efad90daea64728b7a768efd5d1e6042f3509169c4032399cbc4fa17c128472e82f8fb0736984ac3a22005dc3ddde2fe25bafff05fc7f9fff45fcaf7fe745fcbdcfbf807ffec60b783f7909d38d1730a8b418afcd72b6984dc316df30af6c021bb3dfa304493cc68813b143336adad803b65ec16ceb33388e7f0edfbef919fce3af5ec5dff9271bf8ad2feee25b6fbe801bdd57d14d5fa6d6b48d8d8d755cbad6a469d021e8507b488986c90e1ba9af8c31ff0213464d8bd22d5d7a2ec3ea518d689a5143ba7401979ebf8ac19400d11440bc86b8f9039a6a1f708885cf014a3bf12395ce329f10aaef1707cc79ca53f8e9267585131265115c911cf70a351fc6930120d8ab9e5db8b127bbbaa1179306a020e5a7e959e8b827967cc38dd450d7604d81c9ec10fde42606d95da49501aaebba7bb085d64edb2685925a0ab926a4651685fce5d2202cd570e1e5cfe06072195ffdee05fcfddf5cc7fff977d6f0b9dfbf84afbdf529dc18ff02eecd3e414de00a27fc36c14acf6dd4b9b0122038046cdfc498932db8e529edfc94eabcf654b4ba97312937308ea859443be8972e126c3e897bc967f0faad8fe1b7ff791bbff60f32ba5bf8debb1f4777fc714c32bdae2e46ad4513847920e5aaefaf50ba9a2f928db3c07a5ab656419d1a44dcacdb0d5ca88e09a66f13285e27f0dce4383b623db549ab3d07d55d8bda6a5a2e4bb22cc2838bb18a4921ca534a06122213176522c165c275bb8d96a1ba2b90801070c1fe9d31c30512f6e8ae3af9197992bcdc266656ee539f38c4707a17a3ec88403141bc1ea3bdb7814a936abf6253bedac8b4d9646c8227072af8b9e44eb86a7ffdcd5dfca37f790e7fff9f3c87dffac2cbf8d2b77e86a6c1abb8975d47af7c09036c538b596777b698651d51c6894bb545b75ddbbb17ec766d71781783de3c35e1429122a216a439aed8324275d1754ab5671a5123892fd0fd143a935fc25bb7fe1c7ee78bafe0fff9dc39fc7fffac816f7caf89c3e13a4d8606ea04c09aeee7480e514d872e3fcf81cc1be6665442a5ddc4d6de2eaaad06db4893b74659b5de2268fc88636ce0ee8bc80142dac4e920f18c1e9d6c26ab730240c875fb0f8e1da9d7f8bfd0a18e2c65e184e5603ed32808163ea90fbd0fa90e9e7ffa48955eaeb8974f60edb07312ceca1d4eb2238c927b9cb854c52b6354d6b9706e1024ea94594c40e12aae47afed3d950b827779b99f7a882091ede0effe760fbffe070d7cfefb97f146f72574ea2f615cbbc409bc8e71a9c2955871a9a964bac2a03b2e792c59fb5cecca8cb15ae1c244e62a8c91dd4f7d4aa68660afc527508ccb2d0ce22d1cce76f16e9f66c7071bf8dc1781cf7ea18c2ffd5115a3f165e6d144259246c1a4048b92de45c989ed24a627617547a43429caa0dc44b9be8dcdcdcbd8d86e133c3bb48abe4fd0f823d4091295ea1d9787404175f67515855aae26c59bc72dd2e969443a17f8e92377c9dab7ddd9676ee52a0e14f95c341dd3a744369a3c5b1cc7f6dff22159229f8bcb6081960e0b7990964ffea493557ea991b98c28539353cac931a296a557ac7509141d4cd0c3941326abf6b175711d5b97778116270bd5fc4c9a4741857692142bbf202f6d30eee19b3fba8c1f1cfe0cde4dff046e45d770a7a2cffb97304a33245c6d33daeed20a64426a155755b541a83caccbb51992093cf448b8730d481457e5b01f5969e6c81fc3edbd1465f7e5ad4925c38496cb682d22afa1d33c873bd59fc757dffb18fec5d7d6311cbc8264daa6625ac14c8fcac753cae088da803e3da032b49b297020474dd49afb38bfff12f6b69e43b5362348dc24807e198dadcfa3d678836073c8b4d21cfcc8645dad6eaa57de07e2223969cd794e169b41f9bb3317d216f30bfc74912432175d2e0317a26bfe1a253650dc3f9d3c41cba116cdf22a00c4123d3da296043498c325651d6b92eb756e23a4999eebe871f20c10b533ac5f6861e3c21a81825d13338ebe29e1b589b92ccd473221f388ab3a1a647d70b7c6f87a53b6c25d694aa9fe0bda4220eb6f92e5c2e0c096e814320dd1976bdf38a596a21dd719cbb447cd4b35baaacb06d2d98ee394664eaa4bad0dd6a3c9fcdb745b56c72c1ad11c190034bb74076a75ad8d9df35bd83aa7fd882e01e2066aad77a841bc4bc0b8818acc0c81adb5854587896dae6fd07d6955031f34edd3470612220d98303eecb1650da6b02fa150ef58c73c1085c1f4b493175c000893ab9800309bda8d4649d6e56a4fb0e06429112836ceaf112836e9d7aacb094e90b0d7bd05799e98c90af71d18c807195938fff964a10ffda151889e270b270aa1394098aba1436dc280a2ca3cdd97d34bd208f440950784ccb88559e6d9fc04c16c93122913248604078244758ab8ddc2e6de0e36cfb7505b1ff0f806aaed7709123f2240bc87383e608a89fbb6a9daa1bae400f13020f1a0f19e91c840c20d166d966940521dd520a01cf57251b1ce4aacae53022995e9a98eb5dad9cfc7a6dd6a2aaa5c1e5b9875ace3279756b5d0c94a770ccca8d267e299de3731319098a44718a707b6a199c55dc4ad04ebfb4d6c5fdc4665b30d7b4a2a8e3817563cf53057ff720a9339fc7ca8771f8c2cb6ad1c4bcc212353431a8403859a637b4644aed32ccc1ce1ff22d9d860dd663451b49fa1b769dbbb2668ffc49b75ec5dddc1fef32dc45b07286dbc8168f39ba8ac7f87dac40f0810379963979cd8a03548d078f2636a817cd8623825c1fa3bf641246b561e5b072bf829270389204d93894446d769120408b10181c2ccf1a483850023b350e4d16050c6c125fb629e0272ed75e4e5647b0b040adafe020abd557a4690c866034cb3638c92030cc9e392ae780cb98aead2e83a36f7b7a876b768aeebbb127a898ce459943ccbc90773b15c470618621f7e3206699ed902cde385548e732d428f611b28487b08da84bee21d339ae2fa369bb9e416127d552c13d84504954a0368b451dedac4d6056a1034b36a5b1394d66ea04c90286f7c1b51eb7b886b3f2446de61ae43669198191cc041bc4c16beb24d2105d99f3fa5e9cfa840061241e0ee3217bb9f9da83eb627efc4ec5c0d4d775eff245ab128b8ce978f57bb2ddb0f688585f39e9f2acae5e559f2915bd6ad43636a13028a0ec6d9118629b50a6a175925414473a3bdb3818d9d2d7bbc3c1650e8bba2ec3593b1eb2dfee7ca3dd3ea6deb2bfd65446285a81831cf58ff790e7d1dfa7e99186cbc9ae6292c0fe6aeb76095a921948ca5f54c6d9f258bd89665d665d60a8d8df6165a175ec6b92b2f63e7fc05d3a0d2ca4d02e4bba8b4dfe4f1f71155df4214ddb2c7e1f5f25d35bc58af30de8afcd064697c8b8380029f2185a7850c244492471850f6b97c0ac73687bcf04a343bdcbb03ddea900bd593f97c07b9500e565d762b0245a103e72917e951faf8279f4c02ce4b521bed957092a35de3d7ebe30654a4bb343bee61408d62343bc6546f7fa646d1dc6da0b5b786789db67e3da649c29492a7e524f3c5b9b2cd83ce602e8bc8fb9545c9d5c367e2d0d7f9003072298bcc284bb52f920f5554cb8993d85e99c70a46d41658404223ca2ee51234527b41308ff5ac4a3346736f0fbb979fc3fee50b686d9551d6035bf5d7516d7f1fd5e6eba8d4de4154b9cbf5a6cfdcf5b21a9533a762dd028b8afe07a3620e4bbc5ce85348e57c107106bbe7fdddeaa3e1a16ecf071a07b3bd1a9d9d9e3f3a1e04c841e2062c0766890355ea240f4b915617d9af27ed53914f9dd3428ce5933ff524d938f9043230a61ccb51cad592b63657d9597488096e6390dd403fbb8971f510e926cd8f0b31d69edfc3c6b53d3477d60916b2eb69d253f50e506e448f00c2ed1c386d42aede7b2d5d2366c7e8e52f7a0784585da8b473565eae2f0dd40bacf3a2603e948a4843563adb8c2c0b245ad41a58cf520359c2f08ce0213344fb10342f9aaf5cc7ee4bcf63fb521351b38334a649d1fa3aea1b5f46adfd4502c4eb88f5e6eb8ce564daef603ba59d58d90e240d28035bcdbccbe3627d1f8c18dbc6f369fcf4928d58c934ef6fb23408773d5d4021ed416ffcd1771f75179edbc874bd107ac3bb64d761ca8883932011e9ab55def410e59dea0e17c9ca76fc64d28a465b63391128577de8569fa8d3076e26d9314d8fbb18ccee625ae9a0d41e23de4ad1daaf62f7ea1636cfafa3b25643b9c62eb4b937df780e93d8dd8445d6fe5281ac160ab6a355b52a0085b18fcba0e0571fcfcb71efc3d0a4d5eddbba0c9a965a04bc4da0b64340db06aa2d7a7771eea51770ee858b6c478c788d8018bd4b13e33b881bdf4563ed75349a6fa356a5c9513ae4f81bfbfd072d322a93a866ae63515e9f938d7808ca7329f0329d75ee0920df2c13a3eb7a1fe494051ba70b20a1309ed49e84d4bcb281836e5ef10fd16835105bf279ef848e92ab0553cf709463ae653157121bbc96da17fef452d0286c0f6141185ada2963dd6a5cd6bb31bb184defda958f941a06ea87343f06a86c26d8b9d426afa3b955e7fcabd8fe615a4e8ddd5d9a73a008cc23eb07dda161af99f0fdc5a0859eb42af9be2a928ead0f8d9917074b4a3b466cefc4d05c9616615f176fd2bf8972e33ceb7b09cd7397b173f93276af5fc23eebbed9ea20ae7f1f687c1171fbcb686c7c0bf5c63ba8b29d958c9a15c1c12e755ac9be2e3a080124ab8f67915c3bed030b51ef4f12c2426e053aebdc13439496ef5c5b00f4f302d41aef655f14808becd611dda92f70d0e0d5f07289dd0ae352b9bbf1e624996af1527024a0f01f74cdbf4369fcb4524106cba2e0a4ce41a23464eff408140718a51f60347b1fe3d2fb48aab7316b1c71e24db071a186ad8b6db476eb686c5669cb7396563969e30453aae6d3728224ca90103826d40447333d859ad0afbb30e740a16ed11aedfa52f570fe22d939b1e28a397282ca1f16001b4d020a6d7a54eb28b7d608626d6c9c6fe3c2f50d6c5d2aa1b6d5416de37dac6dbe81f6e6f7b0b6fd6db4d6bf4b80780395f87d6a10c70407dd2cc57c5611c355d432176955d862ec55fc8c34e3ddacd702a005c685db9e845deeb421e00681fe39d1796d82032bdfb00cbd67c010d891cb4b21fc5946f3738e8a6996cf2dd283c5fae9a35c8b3077ce8e24633d85a98d4cddbadda1c276c8097d0ba3ec5d0cf13606780fa3e82686e53b98d507583b57c3ded54dec5fdbe14abd85b53daaf51b5544adc8ee744ef5b8b7360d090db3489a468629c168ca7e4d589e40421c26fc7c2404728b81feb418d8752ef3938b668c0022a616d164d99b4db4f777b177e93cf6afee62f74a93e605cda5f5bb48ab6fd204f90e6aebdf4463fd1b68b4bf4180f81eaa95d75129df4054a269a54df2c54ad8387063abe0aee0b369550a2d5e74ccff7493bb1ddf83845daa769aa8b4cc9cf27ef1f20a627483d79e0df5714e445822c5f2ccf34a659861614f1bb1ed6cf66ae6bf02999c4cca028a313baa4f90e8d27fcc90034c66b731cc6e6290dea27b8021c3c76582497386c676036bfbebd8bebc83ddabfb048e7d34f5f8799313b7c6e55d4f98eaa6ac1aed126a77ceecd03b2e541ecb563fadec4b4716471ec511dba5718654a825b61b28afb550dd58b33b26cf5d3e8fbdcb4dac9f4f50df39e4b9f790347e48fe2ed2c6b7588f6f20aaff21a2ca1beefe87d2800a883456e6a97c8d428956eae3a155d9f9e31ca757910966999f4032f9a86d9aaf6e2c8a1640429dbe20473be03fb2ddfce313e566863b58227f460328b8c1ffd45268ff322f93c224636d0ecf2f8d66a51e515ddf163da416708f6683dbd0ec13287a995e62738c693c46b92d75be86e62e57f2736b048b5d9c7bee3cb62eef134436506a54ed2d4f72512378c4ec7efe854dc7b077b1b097a15a797f7e454bae36afd69a04814dec5cdcc7c5e72fe3f20b57080ebb58df6da0be3d44bc7693a6d1db04911fa1b9ff3e9a7b6fb36e6f52d3790d1582455c799b78758f00a17b20dc46b965cf321da9f4655a15f680b4627ebbd720284f9e583ab7482171919f2ca24e6bad9234d4f3d6e7744b834ecfa4ae00d9aedd5a823fecbd87ffe9377e15ef56c7e83423f4b90ac5b388b662952bd71657b5369157f8c22c853c4cab9f0303e7a8306d3c219d613a1a231dd1ce9e14d4481fe789a4858639c19f4626374f16cffecd85249feb2c17aa67234a99de3cdda0e94fbb9f7d12630db5f22eaaf11aedfa1acfc798e97b7cfae496dc691bb349156992329c86c76884e16080c9942648aa5bc5c95c0432bd3bc49562e5b935442c70c850ad57d0e058a81364a2a842eb6213511c21aa26d40a4628e912ae2e93d32dd7de47b97e0b71ed1871e32e4d8b7b28536b284507d41c8edcde839e4a6599eec5c18e5576f1de9a40c1e4c9a5b962e90f632b9c59c8a370e0bcae0c3d6496b20ee3c9747eb770de6e475637ef77a473968be35070a0bcd062aac51cce4e7b563a91d2697215e8a1cb5c2c374eaad83bbe86bff6cbff055eacbe82d67803cdf19a9d2b0d3b5d8bad22a7714290480d247ee537fe16de23481c37041215762407c3ac827169876bdc5a0e12b6f7c042b5fa04723761e97e0b9e4b38f0a609a6c3316663ae8efe965aa575fc8493c473463b174c0ec5cd070d0f28bf202ab9c5b8ca5151cdcda8ee673bb4e9d739711b749b04f53a576882895e3093eed05d637f6878536b20304c2623f20469aa7e73833efc5c07b9f2cd350d2243a53243adc60155d575999879aea324bb35ead8e42f45b79915fdf1113585b7506bdd667c6a09958e7fa375879a4397f5d0cb6ca6568cd31e8a1252b9ac8f1cd5c593aa62b53ac32ed09905f1d199e74059ce0f182ed9caec2a71886604ccc48384124a1e62478ae97b82e7ac14797c61818b14e278cad31449e925fb47486be9e6f36d4ef33a9f5de6c972e3b486fda3e70912ff25ae575f4273b24ea0e03c679e7390607e93c881c43704129f7520d12148f468d70a24f4f0ce04bb5ca0f4f25496a70d385586c23a0912521fcb1c480ce0409c0e4648a84de8fb0c1aacae01cb8d78468b9de7e4b3d89d73caa5a7bed19397d2323879e31281a2d444356a39c0c03a655e671cf607a32b5dac4d46d2745ca326d1ca337320e1fc66f6d87d3109fb5a2f8819d33fffd6665462b9e53ea2da2135869be40f6842dca33673806af50e6ad59eb62c1835e104d52574e5a1b453a6f69be11c37f9c6793ee9443a9e0f663bc37a9d09124ae2fd22c50fb9c9e3aeae39729a84bd0b5ec313d3c4814466718a20c1580bf9ca27f6752b8cfb05b27c42aaa23f906bfb095a48275a9556fd92b76c4ef72d53f5558b9576317d9cd470eef045fc5582c4f33581c41a5a64dbcc1c1e13249897ecd24994a2534ff147ddf70d24de379028132474cf9e0081e606f63c4810632868b706049070053b90d02ae1b4899281c49866074162aa179f582ccfcfe8c7a362677346aa53d94fe5acc6555b5a45033139b2c7b9d5d1dab72c7385afa15aa922492af61a7c7b5d2129ef1afaecde18990ffe3e99327b3f2a2788691f94e9d66a04fcb84b53839a43ed2ef936cf1130ca872cb74b70d26bea542627a456675f55b7051e067a71a2f83164e5cfc793c8c63fe97e9a449e8407f2e639d0e346a523f9c5068144076954295dab8dea9a8384abe63ca57c6205ae9e70f3389eacf2856323a55f6ca3a379b9abd3912c9dd5b4404b71ef5b666047d224ce1dbe60e6c673b517d0a0892a90d06b0e4b2382846c5e81c4389e5193c8f08dee7bf8eb9ffd357c5091b9c1b006f3b6422b9896cf238db6593c8f55a615e10a3795cc038413ac0389b2843f499d364193c35e66e36229f1337a6492903550d9f1d6f9123f659a55e8d113993437080e3414d51382798201019d8050abd6d0a8d739d127a8e805b3ea12f69d9934ea43651dd15488fbf6162881425c4e092c339a1dcc4dafe183fb284eb94cf3a12c0021286813b234a6b9c36399140606ac9bde96adfa926ca48489686e180b613cd0b5a821cc4d1c0569617a5092285c89247a163409e62b6d2265b881046562206109a4fef8c9cae3508b9c948f09cc83c4c24992e5514c55f407527fa9dfdc514e56c762e0aab492a91532a7072ad3d7d975b685048ab9585c38ba8abffae7ff135cad3f877ada3273234e398ea4490490981848cc0812ef13247e151fc4d2240412ca900596620712e52d1e6bc8f9f24c501e9b8b20c1069b1dac38ec0d991be3e1c836cf78d60bc47cf9ffb3c90a7b487a907c57d1a394f538e861ea2b214b96ea78b9aab3269e4042773d6ab007e9ea9c404053140612756a13e7360fb1b376c030f615274d60d18c9ac0acd4631a8288cc0d69143437cab221ed662ff7693deb77b1894c7e95a14b9aaa97c021655a5f3ffd056050fde86789749d4e6ae145d7c6889fb0a4b33489655252ab92c8caf5692ddcd55ab54abc16f1709a4498e42a212fc5930a98a798a7299232551e67a55d954ea472ada6052aa613ad4a5b2c7331bdcc8d8b87d70c242e37aea29e356972b40912d440fbda936043f59b508d3490e87d80bffe0f7e1537a849049050b67aba6f5a3e87acbcc9c2d8a9acd462b5949565672216389880158f6e3649301e8d6807d3ec503bede7e2e8c8f159a48816f901e941f23c8d1eb6acc7410f5b5fd6cf3a3d80848234e1dcfb1db431a771a3b774ebbc4d017f1f82be6a5eafd5f1dcfaf771a5f91a43d81756b473cdcf74256a110604323da82d7094d8b17bf5beca54012a531ff5d12becdc66a0bb8cca32ad7e4ecbb4b160f11924bf8d0bb11b2f6e1c88eca4738dac62468f0524480288b335091f97c7f2cd532a53b2d5cf03dfbce28eac9c798a22e0cc496934098a697dde392de71348e95c3fe6f4d06506765449eab878f032feea2fffe7b8d4bc8ceaac4e93a3852ac1a3d4ebba8d4b770974865e75863fea7e80fff9effd2d1cc609fa8d32baf5121209348a30aa6c2089db4c21db77b1411a08e6a36300e1fde653474ca70489312664a9bd4a117e8ebcebb271941711028b273f5a52c9a1c9ab6a9157d5d342ff9396cf3f3a859c8a3209834613d63f71e9c926f30990709ac42b3bdfc3f58def5a16e19e01774f8ccb93bd46d7a5d706a6b9e6d73991eaa2014940b272054c0e2494a9bb7c6b53928eabb7fde761e877459987f900a3e0cee94141c252326a9e03cb66d372721b97be85048811c7e4fc138b92a1af9be77946214401e4e54ece897116d2aca0e5896e544c275a91d6cbf4243d4c998be90512978f3e8ebff617fe4b5c6c5ce2e8a9a2366d329c9a44d78384f214480c6873be36ba8bfff9d7fe267acc3069d57144771cd1daac44e8d76b1857b58b5e445bb9f34a99cfd72184ca0e9e8cc7048989691206d965d9c91a60f3b48e427eca64b131733aeb9ca75385f920c4f2032278d2611eb478cad17251fe384f72bfaa3c507d8b9510c95f3c5e5e41941f074698b41e24aa3237d8972f6f7f9320f14d0b1369a2e4e441e371934df4079ceccbf4a07b12b9247d746b46416ed6975e1e5996603018d0ef817449c6f2e547163e3ff7a4504c90b870fc71fc953fff9fe1c2da454104ea040933373a3d0f12a49420a1cdcbafbdf51a7efd9ffe631c4d86c89a0ddc4b263445ca9852939856626415dabcf9e4262f09ce8e0a632b9c4d757d9e0031d1550ef69abd6bc2ff1ccdf330157661d22cbba2e2f933a890ed03d38a6cd5ccfcf986a53ced90278ac12764f00055bd6f5d4f0cd2a5e313e755290d7ca7f21b4830485a84ae709cdf7a0b7beb6fe6299c86e789f13e1c9008ff1e9e1e15245c5be669e53590e0e295111c520245b8a9cc259ac75decb7c5734f02d99bcc08067bd955fca57feddfc385cd8bd8286fa33451783c0709fdd3e3be7a3af076e71007fd2ebac9086376ca80429996656e5038516c93db09aa001405c149a8f32377accb6e0a9416218d42634ff9f8ed4fd76b39f930ab95d893f556385e3af71190aaa82114aa5aacf2aa362f1f3f1e52ae2167ba2be5b64c04080185018403811ab5416d5ec6b57751aebcc7709752a010369f15f661808400e2113182e99635a5d3c96aeecb51338a4dc9fb503dca13721d4028924ece2bb8dc976edc3f3954ca380f652a8e225cdd7f0eed6803176b9768824ddc25d022484812b2d1ee1e1d62efe2795aa0125eacad2a0d338993ff17d7fe55543c17fcc15539769d5c99915c07f0c751e371e427965cdd9d6bf25aa2e5769f75fcb828d4234c8053e73405edeee6741164e6498f83bef9816e1e7ed27dfce4e4f068d2387be42d52b10505fdc8c2e7e78a3d1a5871e7f14f96f864818423bd562a45e7b88b8dfa269a510be5b13e05c951523437443ab875e70eae5cbd62681be98a8685ba73124f109a7317921b15856a7e46c9c3723fffb380b0a16561215231cb3ce132295231e2874f92c769e6866879c5b139e949e1c5e34727cbc979033d48be5638c1d92715fc6b3537959b3f97a5f93c3d96caae245785a5363c203d2e9098bbfabf0c148a3b8f7fd6d19340520cb47027fcddb97b079bed4d54b22a2a498d1a0675fd22486800e9e03641e2b24082fe0a414219d879f222862ac4ab04052a8a30f8175ca977365a5d97bbc9437fae4a86d8223be98965e5a7145e3cf7e19381845ccfcbe45a34a7053f13148f1f9d964af1720c54b4bb1da9a6aed6273575b7c33f4f5f4cbb9ccf4f063d8c99b2dc4fabcc0d472166609d9c473859e493a54998664f1648dcbe759b20b181caac620f7de91e1682847f0ad4a2d3a544842657ae5c35e95418290db601a9a8b216ff176951c48e74ac98169eebc6c5754120e18ff281cf780bcbef69fe8f8654a2aa362fb958075777df02a305ff8752dd508273738038512d0f120b332cc4951bf8c72495fb18b239931e26ff425c1b7205b904519da4938d3811b528df27806c4c73802659008975c49cf9dab454eb4b9d4ecf4d5945944b3a3838c0d52b57cc1feb35654508b66be4e158e2b312dce10972e7f5df945a3f5342e8622a5dc70e60543c5328db93852c267eece4ee01592e44252fa9e46a5321eec96aadcae761c89539a7e2f13c5f53a70902cb529d93f580255d8cb174e4b336c79f3a59da492a82607138ac4a6b752c069c524021cbc742416f72b454d8534e924c92a406121b6bebd0adfc3235d4990b7a93c4a6ce7637ca3acec30333d1c24f36cb993f478b212a762157b2a8e80f548ce3d956c40f978b36ec9cdcb9b37ec53ce6fce3d08afcd47ee310e48f49eaecd5ec239f90dd12ad3ae58f95cfa914e217d3897cda055a3e5e4127ebffe3f169a1cfc891bac4cd4a378a050476d76c39c3ff0fdaca029eb4fde5f20000000049454e44ae426082);
INSERT INTO `badges` (`id_badges`, `nama`, `detail`, `keterangan`, `badges`) VALUES
(16, 'Yellow', 'Total Poin 50', 'Didapatkan saat poin mencapai 50', 0x89504e470d0a1a0a0000000d49484452000000af000000660806000000bd75c109000000017352474200aece1ce90000000467414d410000b18f0bfc61050000000970485973000012740000127401de661f780000005d69545874536e69704d6574616461746100000000007b22636c6970506f696e7473223a5b7b2278223a302c2279223a307d2c7b2278223a37382c2279223a307d2c7b2278223a37382c2279223a37337d2c7b2278223a302c2279223a37337d5d7d3e8b4bc50000227249444154785eed7df96f1cd7b9e569eefb2292a22452a2448ab656dbb22c59721c795fe22d4e62c4c94b3cc9c083f7eb04987f2009e6a7190c900448325b30193879c64b62c78eed585e65d9b225d9daac7d25254a2225ee7b37bb49f67ce7abbad5b78bdd941c0cc07ec03de0e55dea6ed5f7d457df5d0b0e0eff56d0ddd4f46d1adf8b886f3b38e42c8eaf5b57543b3cbc3312893ca001c9e43bcbbabb1f77e475c879f8d2f615cfe74188fb549eef7670c865cce1e94c3299e7c8eb90f3182f2d7d43acbd9e8f5a437277737737c31c1cfe6de06a73f30f687caf83838383838383838383838383838383838383838383838383838383838383838383838383838383838383838383838383838383838383838383838383838383c33f8848524007ad48c43bbacc0f5230ccbe669029cc20db3593afc993989d9d452291c0d4d414a2d128262626303636a66e86f19a894b306d5e5e1e8a8b8b515252828a8a0a35656565ea2f2c2c447e7efe9cf2ed328d3b6c6782c92714efa752879fe905870543405e1ba6a16e846cf14c78d836d76848caf1f1710c0e0ee2dab56bb87cf9327a7a7ad0dbdb8b8181018c8e8e2a91e3f1b8c6b7515050a0642569172d5a84baba3a2c5bb60ccdcdcd6a373434e8b5d2d25225ba5d3671b37526b2c475e4cd016424af8169c84c98ef5a2630fef4f4b41292842559cf9e3dab86a4a5b48dc562989999f1537c3550ea92d0f5f5f5686f6f475b5b1b56af5ead7e436462be3a9b9fe246f725f11c79730069e4a5338ba4490bcf14cf84856d82841c1e1e56c29e3e7d1ac78f1f47474707fafbfb556df8ff0d964b3293c0b7de7aab9ab56bd7aa942e2a2a9a53f76cb0ef816e0b8ebc39807f98bc04c3b2a521485a4ada2b57aee0d0a143387cf8302e5ebca852d6262db34b65c1fc92f2ba07f2c5f6c2d388c318925ef4e524cbf78c866bbd22415eac17c9ba78f162dc79e79dd8b469136eb9e516d4d6d6aa6e7c23ccf37b38f2e600e6a80da6c132355ca66be130da043b5b54070e1e3c88bd7bf7e2c2850b4a6473dd80de3c216941c12cca4ae262a26212a828157ff12c0a253ced2056899f98892016cfc3444c4c341f93b112b14b104fe46366d68b6c579df52259a91bdf7befbdb8fbeebbd1dada8acacacae03ec208df970d0973e4cd0104e4cdd4485f15cc83869295eac1c71f7f8c2fbef802434343fe358d159453904fc24ea1ae7a124beba2685e3c8ea5f583a8ad8ca2ba1ca828038a0a4402938fa66a92c7d434108d0163516068340f7d4335b8d25b8beefe625c1faac4e884476429294866c0518a356bd62889692885d90134b07f876cbf89843bf2e600b276d8c20d97c94fd80d4d35e1faf5eb3870e00076edda85f3e7cf6b27cc80712845cb8a13a8a99c4073c3045a9bc6b1ba79102d4b84b01542ae228fac19389311541fe242e64929a6bb1fe8b85a8f73976bd175ad087dc355189f2cc1b42f8d0d84784ada471f7d14dbb76fc7aa55ab54470e13d5dca38175af8ebc390025af604ec38591290ec30886732481fa2c49bb7bf76e1dfe22ec744505d358d6308675ab06b0a66510edcbc744e27a840df144a1619294a9e9be4115f53ae3f50f03977a80939796e04447353abbeb313659cc185e441f24ecedb7df8ea79e7a4af5614ae56cbf837d1fe276e4cd01dc5487cd20d480eaa6cd315b12f78d37dec0be7dfb544db051903f83455551216c3fee5a3380dbda87c50f14e64b3e8ce093d486a91483335c9e178c3b2b89c645adb87005387466390e9c5e846b0335a22b4ba1566e5419d6ad5b876f7ef39b4ae0aa2aa9d80d20f7ecc89b03c8aaf3dec86fc0498473e7ce2971f7ecd993a6261065c571ac5a36886d1bfab0656d2f9688a42d0a75f4590393b571cf47d8af728d6a05497cf84c19f69d6cc4d1734b313456225752b13823b772e54a3cf3cc3378e0810774bcd8dc6fa6df41e0c89b034823af06841a6a3e3f755ceab5afbcf28a8e28704a9760bc3c8956591ec3a6f6abd8b1a90f1b574fa2c29b27c808bf78c9df736b29a9a2e685c6b7e3322ffa8d2d48885edcdd077c78b0099f1e5d2652b842a4734a17e67db5b4b4e0873ffc21b66eddaa04b661ff3ee276e4cd01043aaf0d435013ee37589a4de272fcf62f7ff98beab89393931a9749f2f266d1503389bbd75fc1235baf6245a3256d43841a1a030647f331112d56f5a2a6720ab5f2e62e17e1a8a30c06563a96119d0286356d316289029416c74415a17ae28d50f0164c12c657bfd80323c0de630df8e8502dce5e6ed2ce9c9fad4a604e687ce73bdfd1e134eac406a1dfc291370790a6f3de2c9884b363afbdf61ade7aeb2d5da36010c12c9aa45376ff9d5db8efce5e717be18648065309e0fc9512ec3f51838eab65189d2845a174e896d44d6075730c6b568e0ae939ee9b9e6e5ad4806bfdd219ebacc699ae0a5cbe5e21442e4259e924562e898a6ad28f0dad7194b07f662085eb4d4a46cc8bc43f72361faf7ed42279ac9087880b791841f4f0c2429d8dfbf18f7f8c0d1b36e8c844188ebcb9819b262fa319894cbdf6edb7df56752135aa40899b44e3a2093c754f0776dcd187ba1ab9e013c6c6f40c87b48af1b73d4d3870721946278b4437f566c60a0b66505b3989b6e6216c681b417bf30816d74e89540646262064adc297e72a85bc0de81daa46345e80a4103a221ce310dc9a953d78fea12eac5d39257979e5e983a3ffbc7ad29e16a97ff074046f7eda8223e756c99b840b7818db1b85b8efbefbf0fdef7f5f17fa8409ecc89b1b4823af711a926602a775bffcf24bfce637bfd1118654f224eaab27f1e8dd1d78f29e5e7df51bf87c0930380abcb3af0eaf7dbc5624ae27224d91263b4e60545770e26258273048c4c1d1082ef7d6a077b04a24b79036999a0a36e93823f7c8d67378eec16bf2204dabee9d0d24f0d10bc0efdfda286f8186203fde3fc7819f7efa693535357c0a5370e4cd0da48914369a21aec5e9000cebebebc3ce9d3b95b8a9f50949d151e3f8da6d9d78f0ae74e2129aa39f1d87b006c70a44dfacc498485c8f2cde35c2b8a745120e8e96e3d8f96578ff8b56ecdcd78a7d275a45f2d62116a7029d222e61f2494ce7e1d88546745d2f52726603abc389b58dab8167eebd280fc8b8a4f72ac9fbe44222eaf2478e1c517fa6dfc361613147a1330d9549fa7258ec934f3ed119348fb85e1c4e3edcb6fa0a1edf7e5d87c2e6039371fab67fa44aca995b86471296effba50c1299a49c11d582c850b5a0dec4c04839aef6e5ebcc9bc2f0ceb769992c38d6bc6de3181edbd6219dbd98e4e185f3febabbbbf1de7befe91a6387dcc31cf2dad2378caeae2e7cf0c1071819912ebb80d128ad96378ee2f16ddea8025fd3862b69f0b3247927fdc534370baf9c208b1b625a88ce918840f232a15529930f894ac321bc0736f7cb9ba383a1de45011f56aed1e03020171a39e416e690d7c0483163b321f91abd74e992fa0dc1abcaa770ffe64b58df9a508211f3918c9db589a848d20467bab2c3944bd86e22ec27ec878eaa09d73acc18ad86e025bf6226b53e107e587d354457eec5aa6503ea3745700890b386bc6f7b19a7c3c2232b790d1168932c5c3cce46b4b7e54422b3d8d07a195fdb388452e9771952185b1d81c7030935118b20319399bc2c8fbd7b536e26e2720d021796732a9763b36124e5b626a78a55cd6072cdc2cf8696cf572fdc076fb765c92c1ede721195659e9465595cb3d1d9d9a9aa12efdd21779095bc84210f1b8deb72b962cc800d5f571dc5fd77f66071add7f886146a1b9698409f28332279a3535cc8932ada1094b35a5caec8192eee47b3972a128cc7ed3cbcfeddef7e17cf3fffbcae4be0827353578d270f482c562ee4f5886daac03ad0ed572555353f80c3715bd78d8afe7e41d7183306f3e47ebaa3478fead8b629c361e131afda60a42f49cbc64be97d11e4e7cd6253fb396c6c4b88a4f483a55d4dd3d23646e13385930c2a797df21a3294979763dbb66d78e18517f0a31ffd08cf3df79c4e16909804e3710261fdfaf578fcf1c77539e337bef10d3cfcf0c3ba53827535f56547703256a61d3dcd9dc1bea1dfaf4ae0f093a9ddb82889fb36f58bf4e51bc62b97d297b389d47f39b3e8901b5006cd274d788d0b6fd287c6208d9bc09d6b06c4f6fc9a85343e791010461cfee8538040f20ab16c500de0569d3beeb843375072a1f88e1d3b9498061c6fddbc79b34ee17217040dafdbd3b80475dea8aa0d739f4d9fa769b06f9fe3c96b56ce62e5d281209cbf01a52fc7b7edd944878585b6aed12f6d98304a5b361a1b2f8524da9afbd1be82f13cb21ae945d0a9c677d839a7c8eb2530d292d2cd9cd1c030eab3b7dd769b12d9485fce76714730494b509da12e6e766a78f0ec58bc202823a800edb0dbf6fba82e9fc5e635dda2c753ca7a79b02c3ec094c0aee3961b982b9a7c183290b4274e9c5072110ccecf4f8abad085c5e9134f695c30607c9f427a2d211237365520eef449066e87e743c2e138be9ad9692359a93a70b68b1d33eac14b962c513709c46df3dc66c4090503f33070bdc20cc96b55c838d56634df04f5f023e8fdad9e447d8db7d8886079d479b917cffc160e0b8b80bca6d16d094c37b7ab873b2a15a59c94980cd60e049028860706cc3648298e78a240c84b5d23951f41094fbd9ae3c8946e24303b6794b424314718685757576b5d48f2f7df7f5fc9c4b8a6fe061c69e0aa352dc5bfa451c4a4c794388ce45f23682dae9dc6eae51daadb132c93c3662cd7aca0735858a4495e369021016dfa4f9e3c993644c4cb4df523686bf21b5d8cdfe61e3904e9b44c5d67fc78a210d1786910469832f9fae758f2abafbeaad29e842661b9509c3a310f102189f9fae66ab6fdfbf767d541a9ef72868d656a3d7d84eba6f5b72b23a0bfbc2489f5abc650a2aa8307fe0e7cb06c49efb07008c86b884bdb80e4a14e69eb785c39b676d50594786a28a463ef11c26245c0851053e88d27a836f8894360d93cea89bb8efffce73fe3f3cf3fd770aa0b2b56acd011094ed972451ba7a919d7ae2f61fc54191209af263637e94e4b625fb4c061b396c6a4ee6436a0bac0b51d54711c161e73d40663136c245b65a0c5d7e89a9609edd1138cad84b0481090c30f337eda53897c91bc8569d2ce2620dddc3acf434a5e7ef965252a3b723c7f8cb35c5cfc4e72b36ec924cf75989107693a78bd9bfa739139d586f003940956f10138fcb778d1ac9097674d7861ac1bcf9ee003e4b0f050f2dae4b141c9c6d7b27d9dabc738291186c5c5346212c6cf6ce2d32279755558aa5cfb8161104d2c3685f3e73bf0e69b6fe1dd77df537d984436c4ada998c4e63567f1f4bd87f09d070ee3aeb5975151c6fd739258b2a3dac0c349b484507dc2fe707d09869597cca0a1c65b9463eacab79159c3ecb0b050f2dae4214c4371a421bca1b2ae2aaa8781187831d391314c0269e2f22a8f4df9335f7eb92c4f8b947fc585337a624e79695c883382d2fc8b18ec3b8bab57bbd0d77b05c9e92121550c0f6ceec2bf7be21aeed9388a752b47f1f48e4bd8d03aa0e999aba73668f669603961ae86eb6bfc05f9492ca9f73a67a6ae7c0b38b52137902679c392d09c936bc2096eaa2cf647196c225851328259320ec91bb7b6dd7888e8ab7fedaa2b78fee12ff0c8d64e6c68bb84179e3c8afff4c3632255bbb1664507be7dff17f8de6307d1bea20f4d0d312c5fcc6d4340a398b66509b42fefd5137898b5dd61b3915eae8f70dd7d7f9e3c638baad22f3af2e60ed224af2d814958f6aecd74a847e024ca8a53db6b6c11a6e4346efe138fddec7473514e2c1e517dd97e60d8095cb9ac17cfded789a7ee9dc0eaa6a84ad7faea2896374645ef8ca3ad69120fde3586adeb26505339ad3a29975fd6540879458de106cfe85429a66778cc932f79a77db54130c7360e814d68069b7b61fe55c10ca2b776829dd7f0dbc8616110485e630c48643bcc23760411219a696cabcd15f46b6cf9475baffb59d2cd0ed4e494e6e2e74744544558db322e1d411eb02795f26aa5693496fce3e2319eacc307c72465d51897230397af03e7ba6a84c0de484630ce6b956fd729285ee04751683c2bc0ab0be3db7576c80568d39886f92a8d6337b80d6d7cf917646565c9b5bcd129a6f4745c25895ce7c124f5353191b61a2d3b3214caec47452dfde448333a7b6afc35135efe71d179cda808c1b8ea154786ac8230d69d711d721bbe5c49c1485a5b0a6742da829b7054df6fb2a04da79257deb85c6e585a9c40d3e2516c59db89f5ad5d12369b46b49b82308c3b8a3f3850837dc796f8e791917ca45e44b7d7cfa6e61814bcc262d2c8e9976bc26e70ebfc6dd2923b2c0ce690d7485f63cf21b1f1facda75eab2935baef37d2576d0927796371a0ba2286afdfd1897f7ef6305e7cf69274c826301e4bea012437033f3bf40d03af7ed424660dba07527be2b4cef2804c49592c730eb4d27e5d09bf9e26dcd45ba16126a2432e218dbc61a272317878a742345ee40dfefb082f794c6bf810b828873a696caa10273a96e24fefadc3ff7af556bcfd590b0e9f6ec2a1d3f59810c93c5f1e04558363e72278e9ef2bf0eefe16f40ff36cb1f444f42979a59318a61ef3679829274849875ce03535f28fe79c5931244d64ce22798785411a79c33a2f971e9a0f917848eab14c7191666952cbb87d5b7331611612892249ef9db9d0dd5f815317eb71f82c8f215d8cd35d0d7875f76afccbbb4b70fe6a3ea6a7f3b50c2d474d52880f5c1fe081d2f9d8736c1d3e3bd686e1d0a17904ef83b7124b947b3ab0a98b5527adb6e537507d5d6c1aaa31c3a29618f0e12671b9cec261e11190778e7a202079d3cfac8d6060a44c37376a889f2448c940f16856e2a6155c1307b7e544e3a297f21ae3898312d31b3a8ba077a81c7fff6c0dded97b2b3abb9b441ad761ef511e909787335d8b44d2b6e2bfbfba19a72f3622eeafd7d532acbadbeea9781978120ea1a1fe6d98187a5be2314968f951d4333d1d414f5fea484bfe0edccd113e84c4616190671a9b0d132601250c17c3d8e13c736188ebd20d39f9cf771b28272420208280d7b9f527315d1084335f9aa06c3153faad89025cedafc2eb7b36e07fbcb603074eb5e044e7127c767c252e5dab56c9cd1ccd43656c9317415a4fc50b75b242eb6657d02bca33e26512ba15be4d8b67f9f60d2df5fc7e043ecc5c53ecb0f050b1641ac6c0f8b9c5860bc1cd595d6c642e7839d32509c54dbf1a5e630449c694766e4627a674a50e6a242149668c29cf108f4826f3247e81a819853a23a7125ad7de782a4140522b3d41b71a71c7e2253a59418f46175ba3323d23d3c9cb7e721346b0be7dc3110c8e958b2ff550508de22a378785471e1bc510c026040da50c97221af2320ec970f4fc06f5137ebb07768a151e294c3f8ac48bcb6b38e3be32bf3ce3ce04bb7e0686a876dac0889f2bd894bc02ad9f38199521a65ee17adbf5bdd29b8781e1f2207f765ef936723a6f6e2090bca68108430a9296c77c9adeb58973b9b71a177b3c2248349d0c8849678ac3526c7443102b4b4ff22652e465fe61d861a60e26cc946dc75192da8508823412ccd56b5c5946f0bf49c9cb1cffe538f0e0481ece5dcec7ae83f978ef0b9e13ecc561e7f0f4c53c4cea67003c702f1da5ae236f6e40991426862105c9cbef95b18342bfb93e365184a3174497142fc76d771dcac7efdf2ac59b9f15e054670146c679228ee447226b0a5ff292bc3e99c260dea61ea67c636c84fd0676ddd5163395c8f3550d8fb05ca631118da0bb3f1ffb4f16e0e5770bf0cb7f6dc3cf7eb70dbffad3d7f1bbd7b7e3f805892c8987c60b71ead23a4993222f55069e9ececfc13a2c3c02c96b1a9fb0fdd479b9d5dca80e72553a5da23a9c5ba947958e4fe6e383cfd7e2cd4fb7e3ffbe752ffeeb1fef1222acc23b9f17896e5c88e1b1bc609ab6b8685acfde2d2e4ce82647e6c562680ce9c275c90613c7c4b749edb993526e01c6a3f9b83e942f52b4101f1f2ec2ff7cbd01fff9ffdc2175dc86573efa3a0e9c5e2ef75122fab5a81892a5684afad09dee94740329925265e06fc1cf5eb971dedc40fe4f0581b40ad9041b8a4b23f9bd60ae32f3aef1508f12dcb2e232eaab2338d159a6e7e67245173b585dbdb5f8e2640b0e9da917f522221d1f7e103b1f755509ac5a760d8b6b7b85c01c0fc8d36961d2502719948f5efefe5f008fac94c429b726b0eacaba19227b6e8e09037b8f36e2f54f56e3fd03ad387fb9112313c54a6c4fc5f1f2cce7f6a6967e3cf7609fbc4df2f0a7f757a0a37b915ea3a1cac0d37978d8495959d9ee9ffffce71ff9c53a2c10826f5278a49c0b5ee30edd5ffdea573875ea94fa498ac2fc197c73c767f8de23711c3e5388dffffd0e791df33c85543e8c4782f1fc83ea8a2934d48c61597d9f90771465a549254c3436831e4977a5af49485e2e2a49a18e68301fa99524f7f2f3f2f260aaca309ea8aef1185f02ecfbe07535e236a323364c7c3e403ce9f2df3f75105bd602c73b0af05f5eda22f52993eb5e1ceab93ff8c10ff0c4134f70acf76712f6533f1b870542647676369989b8a661697341fa4b2fbd84d75f7f5da52fc34896e68631fcc7ef1f40dbd259ec3e528497dfdba49318d46b4d9e8ce9fdf3c0a40505495494c651531115220fa2a1b61f55e5d37a585f229114c9582092bd425ee565a2b70a99456a7342829d3d66cbf38099fbe454917ed5677492679519b52605ad2713687de9f4eb247eefdeb89c72166dcd83f8a747bfc4a65b398e0dfccbce0aecdcbf551f0c569e6f1f7e70fb273ff989f60124ad236f0e20eb37294c031b374f49fcc52f7ea1e796996b91c80c1edf761c3f7aa25fa428b05b74ca9d7bd7eb4442b65320092d50feb1644a366eb7a10ecc2d3ce5c571d58d8bc45d24ba310dbf12c4c98dc48c7794bfa7cb1689942e96577c41c6e13703fb3e6cb06cae6c6b6d1ac60b8f1fc5c656099468bb8f94e0776fdc8981e15249e7119e1db4c71e7b4ccf51e3a48dc09137071090d76e643f2800c3b97be097bffc253efcf04391ac66a956525481a8bc6e0fe19edba6b4377ff47c11dededb86b35dd5189be4ce06122b9d40d9cb6218af793e429d965f491f38e501f2ddf3c12e83f1f985f9aaf2496c5dd78bc7b65d427b93e424cf5aff5004ffede576b987e59286f7ed75d478e4d48b2fbea89f7a65bdc538f2e6000291c546318dec37506018cec3ec287db805dd80d107464ab0735f3bbaaee5e96b7febba38fef9d9537876c711fd5c6b55f984eab6167f344f0353860713897ecf90a094b68131e18c6a679a01e107831f5ba9af19c5ededbda2261cc07f78e6a2d451ba8d425caed7d875a81c5f9e6bd674a64abc6f1eee47b581232e76dd1d161669ef5bd3306cbcf486f7c2d8803cbdd19ccac8f87c65f32beb6fefadc3b07f780d3f86fdd4d76278f1e963d2a93b8af5adfda8ad1a1715807bcfccc06b985c997133710cecb874b393469db6b4981b35b9ffed3afee9b12342da937864ebac7ee38d49b851f3c0a932bcbb6f9da44c3d4c242b2725eebffffee08b98ccd73e84c561e170d3df61231895077ffcfad7bf0ebe926350551ec3730f1e11524ca05ad5420f1ce3bd36c81e7c298e5f68464f7f2906468b30192d557d55ba8b9e340db2a2d44b3d446149678779e58b9bde20dc1bc528294a489da2a8ab8ea3a96102db36746175f3b47e21d364c9d4cce2b8a83afffb6feb70fe2a67cebc8bcc8b6f191e62cd8f6a87eae1d4861c4046f2ce471aeabb3cf8e3b7bffd6ddad1a2ec7835358ce2db0f9cc27d774ca094fb20ad2cb8809d3df9abfdc0c5ee525cec59822b7d151819e3c7550a119d2ad151056e9c344b246942d5f0c1ba307b4e617ba658a43a3fe15a56c24fb826b07cf128da9aaea16569024b8493e5a51ccb654acf70c110cbb9dc0bfcee6fab71f0f40a7d90bcbcbd4e1a3f24c8e131fb8c604224efcf441776e45d60a4913713693381471efdf18f7fd4efb199737b990b470c562d1dc6f71e39834ded42607f1dbb9d230963f6b271db4f8f90f9fa60057a871b303c562404e730194fd5e1f2496f2519d310241f27fa0a0b932894b28a4487e5a93695e5d37a184ae3a23e2c5e34a5673970cb3a3fe1ca347a4be62efdca701bfea59e08fef6490d3e3c78bb9495fe095776cef8095776d6c2bb49044ef2e600e6551b0c99c3a4a69fa725fee10f7fc09e3d7b7424c25ce780ff2d2b06f0e43d1dd8bc765ccf5520580aa3b0b0544e5e180d093d3e09d59bb9386632ee2da1a4da312d86e0d4adf04aa4acb7059e879ff0f41eaa29d45fa9e3327ffb8ed4cd324cc16227a4ac4bd2c1fccb87f5d87f62adaa2fe6f64854eab9fcb4c03df7dc134c05877e0347de1cc04d913713a6a7a775c68d04e63962a9a9634abb59b42c19c6435b3af0f5db4750536949c02c30dc0ae2d096405521fcfe11a52ebf31ac912d983b08884ab7e74cb3f98fa30aa72f55e09d7d15d87f728d3c1c9ec4e5bd92b84d4d4d3a8bc6ef5dccb300c7913707402aa4c1e67236e21294483cb59c9ff7e7177ccc1779088eed76f6d4e2b5ddb7e28d3d8bd071b5c83b7a49afa66c3aace2d46dd404daf4b306242d0d61c28d51724b388d46264c4070c14bc785449f7c59833fbcdd8abd22710d71098e2c700ad87cac25bc83c421f71090970d4543c21ab781f1db86a0a4dab87123bef5ad6f059f942248084eadf60d57e0ddfd6bf0d7dddc195ca98b6482ade87ef6ca1d71eb6b5d603f2f0c62516abca0809f0a8de03983f4c1bf14b8d6f86c573176eeabc72bbb6ec1d92bf5f2e6487de59dc4e5c8c2430f3da463d9fc1e067f07fbb7b0efdb2137a06a031b653e296b90291ec3a8f372e8ecaf7ffd2bce9c39a31d3a8693451c11282a9ac1f2c611dcbdf62a6ebf65022b974eaa8e4a55c2869722651b621a3286bca97816ecb431d1957b078133976bf1f1e17a9ce96a147dba481f2cde06eb68745c7e128b86249eefb7f07f03a736e400b28e369860faad2881dfb609eabcd47d390271f8f061fd3e717a3a9e779b90ce5c3fb6acebc5eaa6092cad8f69878e7d224665ecacb4f1af13411c71d86968d3cf8e5fff08d0d95d8d23e74af1e5b915e81daad032ec7a7354818bcba9df3ef8e083ba5b3a7c6f996c316ea82c0790b5c3661a2b134c92f075f319805dbb76e991fc3c84991d3bc294c2192f1e95dfd43084f6e52358bd7c0a4df51358541d5769ccafb0b35336a764496f2a6a174b9d976b2ab8a567645c24ad90f4fc9572310542de46f40d55ea6802531bf2514da04ecb6fbef15b6f5bb66c093e8f65ee7bbefb1738c99b03b8e9a13203d3a0262cdcc09cc4e0771bf8b1934f3ffd54d5087e3dc7c43759715283abc816554d60c59261b42e9bc03291c4f53513a828f388ac436224738843d49bd901a42e3b1ecdc3d05819ae0d94e3d23512b60ed787aa02f580b0d3b3a3c911058ee33ef9e49358be7cb94a60621eb286e1c89b039897bcff08981d0df55e129704a63ac1a59494cc7671c6e94de74ea3a6721275d523a8aa88a2ba3c89ca32129c92d28ba7903494b293b108c684b8c363f962aa303022848d15e99152cc973cb4a948d272e88b1dcbeddbb7abd46d6c6c54299c0dac6b16423bf2e600e69037e4cd2a8d4cbcf0753b3d55064a617e0e8b1f48e147ff7a7b7be79cb66e9cdeae05e9fd8bedadf19d15724998775978ebb92951398dcc21392e0cf2d2f30d41db83a916a52abfddd6d6d6a6c4a58a4069cbc545ac3beb616c831bddb3d84ee7cd017c25c9cba8f3356cb66b3c0affead5ab3aa941c36d45d48739b56c8a9f2fbd811de746f1396c47c9ca7327f821c24d9b36e9e649ae0ebb5139d96095e9246f0e208dbcc66937ae755961ae85e3664b6bfc5c464889cb2f0cf1ab9a24303b773d3d3dfa8d07eac52479b6e586e17a1898fc2961294dd911a34ecbe12fee7a2679b9b086d297c3620699ea1faebb0d5eb3e238f2e600b24a5ebb316db7819d2c7c6d3e301d3b75d489a952f09b665c27419b7e7e5d92bb954966eac824b44967caa19ecad37c788e02f5588e14707c966788d170f88b5297e74d50d7653a9a4cf7910de6fec2f1fd3c1c7973005fb9c3660810b66f04538c894b3f0df5624a64929663c3b469f8fd37238d4d5a034a5012975296b3612429cf54a0cd30aa0cd93a62765ded3ad19ded9a8115c7913707109037dc78063768c4c06de2115f351f738d2a03a5b26d78cdc433a09be4a4a164a53164cd54b641389f1bc18e6fdcbeedc8bbe000fe1f6352155bd95f136c0000000049454e44ae426082);

-- --------------------------------------------------------

--
-- Table structure for table `data_kendaraan`
--

CREATE TABLE `data_kendaraan` (
  `id` int(11) NOT NULL,
  `nama` varchar(50) NOT NULL,
  `jenis` varchar(50) NOT NULL,
  `no_kendaraan` varchar(50) NOT NULL,
  `merk` varchar(50) NOT NULL,
  `tipe` varchar(50) NOT NULL,
  `qr_code` text DEFAULT NULL,
  `created_at` datetime DEFAULT NULL,
  `updated_at` datetime DEFAULT NULL,
  `deleted_at` datetime DEFAULT NULL
) ENGINE=InnoDB DEFAULT CHARSET=utf8mb4 COLLATE=utf8mb4_general_ci;

--
-- Dumping data for table `data_kendaraan`
--

INSERT INTO `data_kendaraan` (`id`, `nama`, `jenis`, `no_kendaraan`, `merk`, `tipe`, `qr_code`, `created_at`, `updated_at`, `deleted_at`) VALUES
(23, 'Nama', 'Roda 4', 'Kendaraan', 'Merk', 'Tipe', 'data:image/png;base64,iVBORw0KGgoAAAANSUhEUgAAAUAAAAFcCAIAAAA25vAdAAAACXBIWXMAAA7EAAAOxAGVKw4bAAAKeklEQVR4nO3dT4hV5R/H8e9YSJhpC8EwkBEipJJ+tKlNmwgSjFYtLIRASiQ3LSIIXEi0CFEXQWEQRbSzoE2LgoQWrSLIRUhBRISUBm1Co4V5fgsHh+nPueO9Z848n/H1WuWdueeee2bePej98py5rusKyLRutU8AmJ6AIZiAIZiAIZiAIZiAIZiAIZiAIZiAIZiAIdjNE79jbm5uhPNYIT2DooO/r0ZeazqNnOF0pzHmlR/Tcq6hFRiCCRiCCRiCCRiCCRiCCRiCCRiCCRiCTR7k6NHIflrtf1g/5oVq5GoMPpIxuLXx22sFhmAChmAChmAChmAChmAChmAChmAChmAzDXL0aGSHh8Ffq+d99Xyp/ZNv/7XGvLxBv71WYAgmYAgmYAgmYAgmYAgmYAgmYAgmYAi2UoMc0aabGRhzdKHH4DMD7b/lG5kVGIIJGIIJGIIJGIIJGIIJGIIJGIIJGILduIMcYw489Bhzo4nBdxoZ/LXGHBpZG6zAEEzAEEzAEEzAEEzAEEzAEEzAEEzAEGylBjnGvJnIdAafoBhz4GG6A455GtFzF+3/9l5jBYZgAoZgAoZgAoZgAoZgAoZgAoZgAoZgMw1yRH9YP51GdpMYc7+Ltbq3RiOnMSMrMAQTMAQTMAQTMAQTMAQTMAQTMAQTMASbC9p8YDRjbtbRyPVvZKph8KGRNc8KDMEEDMEEDMEEDMEEDMEEDMEEDMEEDMEm78gx5g0+xty5YvBnjbk9xVo9wzG1v53Icq6hFRiCCRiCCRiCCRiCCRiCCRiCCRiCCRiCTR7kcMeQZWrk0/8xd64Yc55kzNGgRn6xl8MKDMEEDMEEDMEEDMEEDMEEDMEEDMEEDMEm31qlkY0LGnmtHo285ei9NRoZ12lkJseOHLDGCRiCCRiCCRiCCRiCCRiCCRiCCRiCzTTI0YhGJg16tD+F0mPMtzz4s3o0cuVnfF9WYAgmYAgmYAgmYAgmYAgmYAgmYAgmYAg2+dYq02nkRhhjzng0MrrQyK1V1urdZFo7DSswBBMwBBMwBBMwBBMwBBMwBBMwBBMwBFupQY5G7kAx+G4S030iP/gZNnJ5B39WIyMZPRqZXbnGCgzBBAzBBAzBBAzBBAzBBAzBBAzBBAzBJt9aZcrjjviJ/Jg33VirOzw0cv+U6TSy4UkPO3IA/0LAEEzAEEzAEEzAEEzAEEzAEEzAEGzyIMeq7DNwXcac1mjkWT3aP43pRF/5HjNOvFiBIZiAIZiAIZiAIZiAIZiAIZiAIZiAIdjkW6s0MtXQY8yBh+lOo5Gr0ch2Ij0Gv6nN4BrZhOQaKzAEEzAEEzAEEzAEEzAEEzAEEzAEEzAEm2lHDjf4WKYxdzVp5H018kMZ/Mo3so/HNVZgCCZgCCZgCCZgCCZgCCZgCCZgCCZgCDZ5R47BDf7ZeiObWjQyrdHIcEUjd0Jp5OfVw61V4MYlYAgmYAgmYAgmYAgmYAgmYAgmYAg2061VBtf+7TMGP+DgExSNjC60P60x3bNWZduNHlZgCCZgCCZgCCZgCCZgCCZgCCZgCCZgCDb51ipTHreNTRIG301iuteKfl+Da2Rcp5GRDDtywI1LwBBMwBBMwBBMwBBMwBBMwBBMwBBs8o4cjUw1NDK6MOYuGYM/q5HT6NHIz6tHI+Mf11iBIZiAIZiAIZiAIZiAIZiAIZiAIZiAIdhK7cgxphtw94+1ehrTaWSeZFVSsgJDMAFDMAFDMAFDMAFDMAFDMAFDMAFDsMk7ckwneqOJHtN9xN/Ifhc9xtysY3BjXsNGfl7XWIEhmIAhmIAhmIAhmIAhmIAhmIAhmIAh2OQdORq5tcqYBp/xGPNGM41c3ujJkB5j3qtlOa9lBYZgAoZgAoZgAoZgAoZgAoZgAoZgAoZgk3fkGHPzhzH1fIA+5sYgY2rkriuDG3O4orWrYQWGYAKGYAKGYAKGYAKGYAKGYAKGYAKGYJMHOVr75Pq6jDl3MeaFauTGJY0csMeq3O7kusx4GlZgCCZgCCZgCCZgCCZgCCZgCCZgCCZgCDZ5kKNHIx+FDz53ET260GPwe5q0v8XHmFd+zDvyXGMFhmAChmAChmAChmAChmAChmAChmAChmAzDXL0GPzD+rU6C9FjzMGAwX9ea3V/kh5j/pSvsQJDMAFDMAFDMAFDMAFDMAFDMAFDMAFDsJUa5GjfdB+gD/6sRoYQejSyWceYu3+MOZNjRw64cQkYggkYggkYggkYggkYggkYggkYgt24gxw9xtxaoZGdRho5jcFNN0ERdPMXKzAEEzAEEzAEEzAEEzAEEzAEEzAEEzAEW6lBjvYHAwbf/GHM12pk54rpRG9C0mPwyRA7csAaJ2AIJmAIJmAIJmAIJmAIJmAIJmAINtMgR/ufyA9u8Lc85u4fg5/8mJuQjHmhxjyNGX8oVmAIJmAIJmAIJmAIJmAIJmAIJmAIJmAINtf+1hnAf7ECQzABQzABQzABQzABQzABQzABQzABQzABQzABQzABQzABQzABQzABt2fHjpqbq+PH/+VLzz1Xc3N1+vTo50SjBNyqV1+t335b7ZOgdQJu0pYt9fvv9corq30etE7ATdq+vZ58st58s777brVPhaYJuEkXL9aRI3XlSr300oTv/Ouvevfdeuyx2rq1Nm+uhx+uDz5Y8g2XLtXcXB06VFX11lt177116611//310UcL3/Dee7VrV912Wz34YH366XUfn9XV0Zr5+W7btq7ruqef7qq6zz5b/NKzzy555Pz57q67uqpuy5Zu9+7ukUe69eu7qu7ttxefcvFiV9U98UR34EBX1d1338JT1q3rvviie+GFrqq7557u7rsXHvzyy8XnLuf4rCoBt2d+vtu0qeu67ocfuvXru//9b/FLfwu467qDB7sPP1z84+efd1Xd9u3d5csLj1wNuKqbn+/OnFl4cP/+rqrbuLHbvr376quFB68Wvm/fkpOZeHxWlYDbMz/frVu38N8vvthVde+8s/DHfwb8Tw891FV133+/8MerAd9+e3f+/OL3nDnTVXUbNnTnzi0+ePZsV7Xk/xfLOT6ryt+Bm3TlysJ/HD5cW7bU4cN16VJV1bren9eFC3X6dF2+XFX1009LvrRxY23duvjH+fmqqg0b6s47Fx/cvr2q6ty5aY7PKhFw2zZvriNH6uef6+jRqqqNG//le77+ug4dqq1b6447at+++vHHqqo//ug77C23/OeDV/uc8fiMRcDNO3iwdu6sY8fqwoXatOnvX3355Xrggfr223r99fr11/rll9q9e8hXX+njM5ubV/sEmOSmm+rYsXr88Tp6tLZtW/Kl99+v116r55+vN95YkZde6eMzMytwgj176tFH6+TJunhxyeOffFJVdeDASr3uSh+fmQk4xIkT9eefdfLkkgev/lvXmTOLjxw/XqdODfaiK318ZibgELt21f79df78kgf37auqOniwnnqqnnmmduyoEyeG/DvqSh+fmQk4x6uv/v1foffsqVOnaufO+vjjOnu29u6tb76pvXsHe8WVPj4zc3dCCGYFhmAChmAChmAChmAChmAChmAChmAChmAChmD/BwZ2aIrhhUnkAAAAAElFTkSuQmCC', '2023-08-08 10:03:43', '2023-08-09 16:47:33', NULL),
(27, 'Andika Dwi', 'Roda 4', 'AG 4567 FH', 'Yamaha', 'Vixion', 'data:image/png;base64,iVBORw0KGgoAAAANSUhEUgAAAUAAAAFcCAIAAAA25vAdAAAACXBIWXMAAA7EAAAOxAGVKw4bAAAOs0lEQVR4nO3dfWhV9QPH8c+dWtKDLVvO0EyjB5WQEmsmaiIyzULKih7okR6QiiD/iOqvCnogKiis/shIVkStYWYREjbM1hgjymyVf4SVGak9R65a0+/vj3tybr9158499/j9zPcL/+ie3Z177t19+z3zfvueQghBADxVHewDAJAeAQPGCBgwRsCAMQIGjBEwYIyAAWMEDBgjYMAYAQPGhg94j0KhkMNxVEi6iaLpnnKJxyqxw3Tfle4w0sn84PN8ykP+3csIDBgjYMAYAQPGCBgwRsCAMQIGjBEwYIyAAWMDT+QoIZL1tNJ9WJ/5TIPMD6OEPKcuZP5YkUxQsX737sMIDBgjYMAYAQPGCBgwRsCAMQIGjBEwYIyAAWNlTeQoIc/pBHnuMPM1KNLJc/pHJDND4n95S6jcpBFGYMAYAQPGCBgwRsCAMQIGjBEwYIyAAWMEDBir1ESO+EVyxZBIJqik22EkczwOZYzAgDECBowRMGCMgAFjBAwYI2DAGAEDxggYMHboTuSIf85AntM/0ol/bY0hjxEYMEbAgDECBowRMGCMgAFjBAwYI2DAGAEDxio1kSP+T+QzX1sj8x2mk+cO4/8pp2P0vBiBAWMEDBgjYMAYAQPGCBgwRsCAMQIGjBEwYKysiRyRrFwRiTwvyJJOJJeMieRtE8lhlIkRGDBGwIAxAgaMETBgjIABYwQMGCNgwBgBA8YKRosPRC7PuRDpRDLvIvPHOpTfw4zAgDECBowRMGCMgAFjBAwYI2DAGAEDxggYMDbwRI5IFi6If6ZBnvMuSoh/mkSe80niX4SkzJeXERgwRsCAMQIGjBEwYIyAAWMEDBgjYMAYAQPGyrq0SubSfagdyUyDPHeYTrqZBvHP5IlkhwflhWIEBowRMGCMgAFjBAwYI2DAGAEDxggYMEbAgLGyLq1ivcJD5jscqhMeIpmFEsmKHOlUrhRGYMAYAQPGCBgwRsCAMQIGjBEwYIyAAWMEDBgra0WOSOYMHIKTKyIRyeSKdMuJRPLuLfMtyggMGCNgwBgBA8YIGDBGwIAxAgaMETBgjIABYwOvyJHnx9N5TsnIc62GPHeYuTx/yiXEP2kknTLnkzACA8YIGDBGwIAxAgaMETBgjIABYwQMGCNgwNjAK3Kk+6DZ6KPwrMQ//SPdY+UpzxU50olt+RdGYMAYAQPGCBgwRsCAMQIGjBEwYIyAAWMEDBgra0WOEvKcXJH5p/+RLNZRQvwzQ9KJf95FJC/UPozAgDECBowRMGCMgAFjBAwYI2DAGAEDxggYMDbwihyZy3w6QZ5rhuT5OX6eM0MiWZGjhKE6T6bMNxsjMGCMgAFjBAwYI2DAGAEDxggYMEbAgDECBowNvCJHyv3GMTEgkhU5IrnqSvzXasnzMIbGU2YEBowRMGCMgAFjBAwYI2DAGAEDxggYMEbAgLFKrcgR//oJ6Q4j80t1pJPn0iWRrKBSQvzTWliRA0A/CBgwRsCAMQIGjBEwYIyAAWMEDBgjYMDYwBM58lxNooTMZ1Ck22EkB5+5PKcupJPnC2X0U2YEBowRMGCMgAFjBAwYI2DAGAEDxggYMEbAgLGBL62S54fakayfUELmn8hbL08RySIkkbw3DgpGYMAYAQPGCBgwRsCAMQIGjBEwYIyAAWMEDBir1KVV8rweRyTXyCgh8wkP8c8nScd6Wkvmh3EgGIEBYwQMGCNgwBgBA8YIGDBGwIAxAgaMETBgrFITOfK8EkokK3IcghcTyVz8Tznzd2+ZGIEBYwQMGCNgwBgBA8YIGDBGwIAxAgaMETBgrKyJHJGsaVBCJJcFyVMk10+JZOmSPJ9XiR1W7jVkBAaMETBgjIABYwQMGCNgwBgBA8YIGDBGwICxwoAfFsf/6X/m8nzK6eQ5WyPPpxzJGyCdPFdr2YcRGDBGwIAxAgaMETBgjIABYwQMGCNgwBgBA8YqNZEj3Q5LyHP1jzxZT/9IJ5JJI5Eo8+VlBAaMETBgjIABYwQMGCNgwBgBA8YIGDBGwICxgSdyDFXxrxlivd6F9UIuRq88IzBgjIABYwQMGCNgwBgBA8YIGDBGwIAxAgaMDR/wHtYrIaT7AD2SNShKyHMtlHSHkfnzSnfw8b/yrMgBHLoIGDBGwIAxAgaMETBgjIABYwQMGCNgwNjAEzlKiGQ1jzyXcbBeMiLzS6vEP8knkjk5lbuoDSMwYIyAAWMEDBgjYMAYAQPGCBgwRsCAMQIGjJU1kaOE+C9OkecRVm5BhoMrkoVB8pxPEtvPixEYMEbAgDECBowRMGCMgAFjBAwYI2DAGAEDxio1kQPlY5rEAYp/SZbMD2MfRmDAGAEDxggYMEbAgDECBowRMGCMgAFjBAwYYyJHPzJfdSHzq5PEP+Ehc5lf/MX61diHERgwRsCAMQIGjBEwYIyAAWMEDBgjYMAYAQPGKjWRI7bPuwcl8zkD6V6NSKZ/lJD5YeT5yqc7+NjWJ2EEBowRMGCMgAFjBAwYI2DAGAEDxggYMEbAgLGyJnLk+aF2/DKfrZHnYWT+WJFMeMh8dk0JB2V2DSMwYIyAAWMEDBgjYMAYAQPGCBgwRsCAMQIGjBWsl84ADnGMwIAxAgaMETBgjIABYwQMGCNgwBgBA8YIGDBGwIAxAgaMETBgjICj99tv2rlT//zzn3fYs0fPP69XX83xmBALAo7e1Vdr7Fi1tyc3v/tOU6aork5//51s+esv3XST7r77YB1gSv//RDB4BJyRujoVClq4sOIP1NGhLVvU3q5t2yr+WJMmqVBI/hx5pCZN0pVX6vXXs9l5nk9k6KrUBb4PLd98o/Z21dSouVk//aTjjqvgYy1cqIYGVVfr1FMr+Cj7u+oqHXGEtm/X5s165RW98opmzdLq1aqtLWu3+T+RoYiAs9DUJEmPPKKbbtKaNbrxxso+3DXXVHb/fTz6qMaNS/77iy90yy1qaVF9vdrbdfjhZe055ycyFHEKnYXGRk2dqmuv1ahRamzMeOdVMf2MpkzR+vWaPFmbN+uxxw720YCAy1c8f168WCNGqL4+OYve3+7dKhR0222S9OqrqqvT0UdryhQ9+GA/e/v+e914o04/Xccfrwsu0AcfaNSofvZ24okDHNX996tQ6DXE7dmjF17QwoWqrdUxx2jOHL32Wprne/jhuu8+SXrmmWTLm2+qUNBll/W628MP97PxySdVKOi55wbxRFBaQJkeeyxIobk5hBBWrQpSWLmy1x3++CNI4cILw623BilMmBBmzAjDhwcpPPBAr3u2t4exY4MUxo8PixeHU04JVVXJlpaWXnsbP77v/idO7Nny1luhqipMnx46O5MtO3aEU04JUqipCYsWhfnzw2GH9XOofUycGKSwfXs/Xxo9Okjh889DCOH338Pw4WHMmF53WLAgSGH06F4bly4NUvjyy/6fCAaPgMs2c2YYNSp0dYUQwo4doaoqLFrU6w7Fd2ox3ba2ZOPq1UlO+3R3hzPOCFK4996ejY2NoaZmcAFv3Rqqq8OYMWHbtl6HsWxZaGrqublhQ3JI3d3/+dRKBDxjRpBCY2Nyc/bsnp5DCH/9FY44Ilx6aZDCRx/1fFdNTc9xEnAWOIUuz7ffqr1d9fUaMUKSams1Y4bWr9cvv/S9Z3W12tpUV5fcvPhiTZigH3/Uzp3JloYGdXRo7txep9aXXaaZMwdxPH/+qaVL1dmppqa+Z6fPPqtLLum5ed55mjlT27bp668Hsf99Jk6UpJ9/Tm7W10vShg3JzbY2dXZq+XJJam5ONn72mX78UfPnp3k4/AcCLk9Tk/bu1dKlPVuWLFF3t9as6XvPo47SCSf02jJhgiRt357cbGmRpGXLyjqeZcu0aZMefVRz5pS6286devdddXdLSvkx7N690n7/wLZggbRfwM3NqqnRuefqtNO0fn2yceNGSQScLT5GKk/x35zXrVNra7KlGGRjo264YYDvHTlSUlKRpC1bJGny5PQH8/TTamiQ9J+D6scfa+VKNTVp1y6NHZs8dGdnmscqPsTo0cnNc85RdXWvgGfNkqRZs9TUpH/+0YgRyVcJOFOMwGUonj9LamjQihXJn+LY29zcz1l0ab//LknD0/6VumuXli/XzJk65xytWKFPPul7h3vu0fTp2rJFTz2lXbv0/fdatCjlY+3Zo61bJWnatGTLsGGaN0+7dumLL7R7t9rbNXeuJM2frz/+UFubJG3cqKlT+56GoDwEXIbi+fOKFQqh15/ly9XV1c9ZdGknnyylPaGV1NmpMWO0Zo1WrNDevX1PxV98UY88oltv1bvv6vLLdfzxKR+l6KWX9OuvmjCh1ySq4q/Bra1qa1NXl+bNk/4dbzdu1FdfaccOht/MEXAZihOwLryw7/biluJXD9zUqf1/V1fXAX37yJFau1a1tTr7bF1/vdrako9bi9atk6RbbhncIfVr92498IAk3XFHr+3FX4M//FAtLaqu1plnStK4cTrtNG3cmJyqFO+D7BBwWt99p7Y2TZumk07q+6XZs1Vd3f+/RZdw++0aOVIvv6w33ujZeM89euedA/r2sWN11lnJfz/0kEaN0t1364cfki3Ff3PatKnn/o8/nmbS2Kefav58bd2qGTP6BnzqqZo4UR99pJYWzZ6tYcOS7QsWqLVVra2qqkrOq5EdAk6reP68ZEk/XypOyerq0tq1g9jhuHF66CF1d2vpUtXV6ZJLdMIJWrkyzWlnba3uu08//6y77kq2XH21JC1bpiuv1HXXadIkPfHEgf4OfNdduvlmnX++xo3TtGnJ77fr1iWfnO1vwQJt2qTW1uT8uaj4a3BDg6ZP17HHDvq5oCQCTqs4fPUbsP49ix7sEHfnnXr7bdXX6+uv1dGhiy7Spk264oo0h3f77Zo6VatW6f33JemCC9TYqMmT9dZb+vxzXXGFOjoOdM8vv6yVK7Vhg6qqdOmlamrSe+/1/39cFf/a6uzsFfC8eaqq0q+/cv5cCVydEDDGCAwYI2DAGAEDxggYMEbAgDECBowRMGCMgAFjBAwY+x/zhb+tvBMjdwAAAABJRU5ErkJggg==', '2023-08-08 19:14:08', '2023-08-08 21:08:23', NULL),
(32, '4', 'Roda 2', '4', '4', '4', 'data:image/png;base64,iVBORw0KGgoAAAANSUhEUgAAAUAAAAFaCAIAAADgvxMAAAAACXBIWXMAAA7EAAAOxAGVKw4bAAAGZUlEQVR4nO3dsY5NWwDH4XVubjEtplXzCsQTeAW9CAqlap5BJgqNTjFv4AUUGmolHQmJSCgmwe019r0527q/fb6vRGb2nDm/LGL+WbufP38OoOmv2Q8A/HcChjABQ5iAIUzAECZgCBMwhAkYwgQMYQKGMAFDmIAh7O+Ff2632636HNswdxmy/Hu0/DnnfsxDtvD1dAJDmIAhTMAQJmAIEzCECRjCBAxhAoYwAUOYgCFMwBAmYAgTMIQtXSMtt727WuauZ9bYAy0397vpvfRbTmAIEzCECRjCBAxhAoYwAUOYgCFMwBAmYAgTMIQJGMIEDGEChrD9r5GWm7vyOeR7jJar7IEO9r3kBIYwAUOYgCFMwBAmYAgTMIQJGMIEDGEChjABQ5iAIUzAECZgCJu5Rjpka2yM5u6WmMIJDGEChjABQ5iAIUzAECZgCBMwhAkYwgQMYQKGMAFDmIAhTMAQJmAIEzCECRjCBAxhAoYwAUOYgCFMwBAmYAgTMIQJGMIEDGEChjABQ9jMu5GW3+XDEnNvUZr73TzY95ITGMIEDGEChjABQ5iAIUzAECZgCBMwhAkYwgQMYQKGMAFDmIAhbP9rpOX7lUM2dzlUsb2vaO+cwBAmYAgTMIQJGMIEDGEChjABQ5iAIUzAECZgCBMwhAkYwgQMYUvXSAd798yBW+P77r20R05gCBMwhAkYwgQMYQKGMAFDmIAhTMAQJmAIEzCECRjCBAxhAoawpWukubfUHPL9QGuovEpzd0tr3F+1d05gCBMwhAkYwgQMYQKGMAFDmIAhTMAQJmAIEzCECRjCBAxhAoawpWukNayxMarsVyoq9xit8crP3cAt/OxOYAgTMIQJGMIEDGEChjABQ5iAIUzAECZgCBMwhAkYwgQMYQKGsN3e5ybbW+SsYXurqTW+ojVWaJWPuZATGMIEDGEChjABQ5iAIUzAECZgCBMwhAkYwgQMYQKGMAFDmIAhbGt3I63x2dcwd7M195VfQ+X2rL1zAkOYgCFMwBAmYAgTMIQJGMIEDGEChjABQ5iAIUzAECZgCBMwhM1cI1U2RpXlUMUhL5z2/jGdwBAmYAgTMIQJGMIEDGEChjABQ5iAIUzAECZgCBMwhAkYwgQMYftfI21vPVNZOFXuB6rczDRxY7ScExjCBAxhAoYwAUOYgCFMwBAmYAgTMIQJGMIEDGEChjABQ5iAIWy3cB5Ruc9mrrk7m8R6ZiXbe3+6Gwm2T8AQJmAIEzCECRjCBAxhAoYwAUOYgCFMwBAmYAgTMIQJGMLcjfR7B7t0+VfmLpwq91ftnRMYwgQMYQKGMAFDmIAhTMAQJmAIEzCECRjCBAxhAoYwAUOYgCFs/2uk5eauPSqrqbn3La2h8pyJd4gTGMIEDGEChjABQ5iAIUzAECZgCBMwhAkYwgQMYQKGMAFDmIAhbOYa6ZCtsTGq7JYO9h6jNTiBIUzAECZgCBMwhAkYwgQMYQKGMAFDmIAhTMAQJmAIEzCECRjCrJHmWGNjtNzcLdRy21ti7f0rcgJDmIAhTMAQJmAIEzCECRjCBAxhAoYwAUOYgCFMwBAmYAgTMITNXCOtsV85ZNtbDs1dYiU4gSFMwBAmYAgTMIQJGMIEDGEChjABQ5iAIUzAECZgCBMwhAkYwva/Rpp798z2zN0YLVe5najynAs5gSFMwBAmYAgTMIQJGMIEDGEChjABQ5iAIUzAECZgCBMwhAkYwnYbuyoGDooTGMIEDGEChjABQ5iAIUzAECZgCBMwhAkYwgQMYQKGMAFDmIC37unTsduN3W58+jT7Udg/a6RN+/BhXL06Pn8eY4yPH8elS7MfiD1zAm/agwfj/Hxcvz77OViLgLfr+fNxdjbu3x8XL85+FNYi4I36+nXcvTuOj8fDh+PLl9lPw1r2fz8w/wsnJ+Pt2/Hs2bhwYZyfz34a1uIE3qJXr8bp6bh5c9y6NftRWJeAN+f793H79jg6Gk+ezH4UVuev0Jvz6NF4/Xo8fjwuX579KKzOCbwt796Nk5Nx48a4d2/2o/AnOIG35fR0fPs2XrwYu92vv3V8PMYYb96MK1f+/HOxEgFvy/Xr48ePX3/x7Gy8fz/u3BlHR/5PeGP8KOUBuHZtvHzpRyk3yb+BIUzAECZgCPNvYAhzAkOYgCFMwBAmYAgTMIQJGMIEDGEChjABQ9g/XJ05OTi5AZ4AAAAASUVORK5CYII=', '2023-08-09 17:28:57', '2023-08-09 18:10:59', NULL);

-- --------------------------------------------------------

--
-- Table structure for table `jenis_kendaraan`
--

CREATE TABLE `jenis_kendaraan` (
  `id` int(11) NOT NULL,
  `nama` varchar(40) NOT NULL
) ENGINE=InnoDB DEFAULT CHARSET=utf8mb4 COLLATE=utf8mb4_general_ci;

--
-- Dumping data for table `jenis_kendaraan`
--

INSERT INTO `jenis_kendaraan` (`id`, `nama`) VALUES
(1, 'Roda 2'),
(2, 'Roda 4');

-- --------------------------------------------------------

--
-- Table structure for table `jenis_transaksi`
--

CREATE TABLE `jenis_transaksi` (
  `id_jenis` int(11) NOT NULL,
  `nama_transaksi` varchar(150) NOT NULL
) ENGINE=InnoDB DEFAULT CHARSET=utf8mb4 COLLATE=utf8mb4_general_ci;

--
-- Dumping data for table `jenis_transaksi`
--

INSERT INTO `jenis_transaksi` (`id_jenis`, `nama_transaksi`) VALUES
(101, 'Reward'),
(102, 'Challanges');

-- --------------------------------------------------------

--
-- Table structure for table `kontak`
--

CREATE TABLE `kontak` (
  `id_kontak` varchar(200) NOT NULL,
  `nama` varchar(200) DEFAULT NULL,
  `ponsel` varchar(200) DEFAULT NULL,
  `email` varchar(200) DEFAULT NULL,
  `organisasi` varchar(200) DEFAULT NULL,
  `qrcode` text DEFAULT NULL,
  `created_at` datetime DEFAULT NULL,
  `updated_at` datetime DEFAULT NULL,
  `deleted_at` datetime DEFAULT NULL
) ENGINE=InnoDB DEFAULT CHARSET=utf8mb4 COLLATE=utf8mb4_general_ci;

--
-- Dumping data for table `kontak`
--

INSERT INTO `kontak` (`id_kontak`, `nama`, `ponsel`, `email`, `organisasi`, `qrcode`, `created_at`, `updated_at`, `deleted_at`) VALUES
('1691472157', 'nama', '0851', '@email', 'Kampus', 'data:image/png;base64,iVBORw0KGgoAAAANSUhEUgAAAUAAAAFeCAIAAAB7LlEWAAAACXBIWXMAAA7EAAAOxAGVKw4bAAAJSUlEQVR4nO3dT4hVdR/H8a81DMM0lP0faAgVFxJCETJEaYIEhbmQiGgTlAuRoBatatM2CYIyihaS/SPCXIWGEIFJi7KgiGglEmaSFhaRQaL+nsXMwzDlg7e69znzufN64WLu9dwz556ZN78Zhi+/Ja21AjJd0vUFAP+cgCGYgCGYgCGYgCGYgCGYgCGYgCGYgCGYgCGYgCGYgCHYSI/HLVmyZKDXMRx6nwwZxP0cxFxK79fZ7XsfPj3eTyswBBMwBBMwBBMwBBMwBBMwBBMwBBMwBBMwBBMwBBMwBBMwBBMwBOt1Gql3w7dXS7eTQ4t5dsf30kVZgSGYgCGYgCGYgCGYgCGYgCGYgCGYgCGYgCGYgCGYgCGYgCGYgCFY/6eRetftnE23ky7d7jlkyqe/OryfVmAIJmAIJmAIJmAIJmAIJmAIJmAIJmAIJmAIJmAIJmAIJmAIJmAI1uU0Ev1lbmkRsgJDMAFDMAFDMAFDMAFDMAFDMAFDMAFDMAFDMAFDMAFDMAFDMAFDMNNIC90gdv0xYzQ0rMAQTMAQTMAQTMAQTMAQTMAQTMAQTMAQTMAQTMAQTMAQTMAQTMAQrMtppMU8E7OY3/sgLNr7aQWGYAKGYAKGYAKGYAKGYAKGYAKGYAKGYAKGYAKGYAKGYAKGYAKGYP2fRhrEXj7Dp/e71PucTco5e+d76aKswBBMwBBMwBBMwBBMwBBMwBBMwBBMwBBMwBBMwBBMwBBMwBBMwBBsyaLdVCbFICZyfNGHhhUYggkYggkYggkYggkYggkYggkYggkYggkYggkYggkYggkYggkYgvW6N1LKLjXd7tCTso/RICzmXZQ6/LpbgSGYgCGYgCGYgCGYgCGYgCGYgCGYgCGYgCGYgCGYgCGYgCGYgCFYxt5IKfsDpczE9C5lxqjbma0OI7ICQzABQzABQzABQzABQzABQzABQzABQzABQzABQzABQzABQzABQ7Aup5G6nQsZsqmUypndoRf2RoLhJ2AIJmAIJmAIJmAIJmAIJmAIJmAIJmAIJmAIJmAIJmAIJmAINtLjcSaHepFynd1KmdkahL6/dyswBBMwBBMwBBMwBBMwBBMwBBMwBBMwBBMwBBMwBBMwBBMwBBMwBOt1Gql33c4YDdmsyYAM3y5Kg3hHEazAEEzAEEzAEEzAEEzAEEzAEEzAEEzAEEzAEEzAEEzAEEzAEEzAEKzXaaRBzHAM2VzI39Lt9Mzw3fmUd9T3r7sVGIIJGIIJGIIJGIIJGIIJGIIJGIIJGIIJGIIJGIIJGIIJGIIJGIL1Oo3U7c43KXqfiUmZnhmEbndm6vacff+6W4EhmIAhmIAhmIAhmIAhmIAhmIAhmIAhmIAhmIAhmIAhmIAhmIAhWK/TSL0bvjmblEmsQczZdKvbHaQGwd5IwBwBQzABQzABQzABQzABQzABQzABQzABQzABQzABQzABQzABQ7D+TyP1rtuZmJT5ld4N4n4O4i6lzBgN4rPbGwmYI2AIJmAIJmAIJmAIJmAIJmAIJmAIJmAIJmAIJmAIJmAIJmAI1uU00mLW7UROyoyRebWLsgJDMAFDMAFDMAFDMAFDMAFDMAFDMAFDMAFDMAFDMAFDMAFDMAFDMNNIC90gJnJSdifqXcp19p0VGIIJGIIJGIIJGIIJGIIJGIIJGIIJGIIJGIIJGIIJGIIJGIIJGIJ1OY20aCdIBmQQew51u+NRyjl71/fveSswBBMwBBMwBBMwBBMwBBMwBBMwBBMwBBMwBBMwBBMwBBMwBBMwBOv/NNIgZjgWs+Gb2ep2HmjI9oWyAkMwAUMwAUMwAUMwAUMwAUMwAUMwAUMwAUMwAUMwAUMwAUMwAUOwJREjF8AFWYEhmIAhmIAhmIAhmIAhmIAhmIAhmIAhmIAhmIAhmIAhmIAhmIAhmIAhmICH2okT9eOP/TnVRx/Vp5/251T0j3ng4XX6dE1M1NRUfffdAjoVfWUFXpCWL68lS+r777u+DhY6AUMwAUMwAUMwAcc6d6527aq7767rr68rrqh16+rddy9w2NhYnTtXL7xQ69fXlVfWHXfUM89c4LCff67HHqubb5491UsvDfry6Y/GArRsWatqx479zwN++KGtXNmq2jXXtHvuaRs2tNHRVtV27pw75rffWlWbnGzT021kpE1Pt7Vr29hYq2qbNs072+eft6mpdskl7a672pYtbfXqVtUefPDPp5qa6vf75N8S8IJ00YBba9u2tT175h4eONCq2o03trNnZ5+Zqa6qrV3bjh6dffLIkbZiRauae+2ZM23VqjY+3g4enDvb1q2tqu3fP+9UAl54BLwg9RLwX912W6tqhw/PPpyp7rrr5pKe8cYbrardeefswx07WlV79tl5x5w61UZG2gMPzDuVgBcevwMPhRMn6sMP6+zZqqqjR+f91+hoXXrpvGc2bqyq+uab2Ycff1xVdf/984658spatqwOHx7M5dI3I11fAP/CF1/Uzp21Z0+dPFmTk7MB//77RV519dU1Olo//VSnT9dll9VXX1VVrVhxgSOnpvp9xfSZgGM99VRt314bNtSOHbVhQ117bT30UL311sVf+McfdfZsjY3V2FhV1chIVdXzz9fExJ+PXLq03xdNnwk405tv1vbt9eij/+TvPUeO1PnztXLl7I/WN91UX39dt95a69b1/TIZNL8DZ9q/v6pq69Z/8tpXX62quv322YczH8w8SRoBZzp/vqrqyy/nnnnuudq9+wJHnjxZL75Y587NPty3r15+ucbH6+mnZ5/Ztq1WrarXXvvzYv7BB3Mfz/yYfeZMvy6ffjFOuCAtX17fflsbN9b4+Lznx8fr9derqvbtq02bamysNm+u0dE6eLDOnKk1a+q992rv3rr33qr/zgCuXFmnTtXll9eaNXXsWB06VCMj9cor9cgjc6f97LO67746dqxWr67p6Tpzpj75pA4frgMHav362WNuuKGOH6+HH65du/4/94CedP13LC5k5u/Af/23dOncMbt3t1tuaRMTbc2a9uST7dSp9vbbrart3Tt7wMwfbx9/vB0/3rZsacuWtcnJtnlzO3ToAp/xl1/aE0+06ek2MdFWrmybN7f33593wDvvtMnJdtVV7ddfB/a2+duswBDM78AQTMAQTMAQTMAQTMAQTMAQTMAQTMAQTMAQ7D/KEfoJO5nIKAAAAABJRU5ErkJggg==', '2023-08-08 05:22:37', '2023-08-08 05:22:37', NULL),
('1691473025', 'Andika Dwi Arko', '085123232424', 'andika@gmail.com', 'TMI', 'data:image/png;base64,iVBORw0KGgoAAAANSUhEUgAAAUAAAAFcCAIAAAA25vAdAAAACXBIWXMAAA7EAAAOxAGVKw4bAAAPYklEQVR4nO3df2icBx3H8c+dXRZizULM2lqz0o0au1KkaExj7YaU0pbajVHqnMWNOYeUqgP9Q8r0Dy2IY5aiModsc5Yq0mVhFi1YZCsjxFJD0VHKGGM4LZlmYw4nbZ1Z1q9/3LPd7na53uXu8jyf3PtF/smT+/Hck7z7PLl8+zy5iBAAT/m0VwDA3BEwYIyAAWMEDBgjYMAYAQPGCBgwRsCAMQIGjBEwYIyAAWMEDBgjYMAYAQPGFtV161wu16L1SEv1/01Z/fWmdd/qWrdW2dRuP5Nl2AMDxggYMEbAgDECBowRMGCMgAFjBAwYI2DAGAEDxuqbxKoum3M8aU01VZfW/FAj3yPH+bCF9zNZhj0wYIyAAWMEDBgjYMAYAQPGCBgwRsCAMQIGjBEwYKyZk1jVtW72qHXTNo7r3IiFd8as6hbA95c9MGCMgAFjBAwYI2DAGAEDxggYMEbAgDECBowRMGBs/iaxULu0rmzYiHab4soI9sCAMQIGjBEwYIyAAWMEDBgjYMAYAQPGCBgwRsCAMSax5i6tK/01onXrnM35sAWPPTBgjIABYwQMGCNgwBgBA8YIGDBGwIAxAgaMETBgbP4msRzPipTWrFUjU01pTUQ5nhMrm2tVF/bAgDECBowRMGCMgAFjBAwYI2DAGAEDxggYMEbAgLFmTmItvPMetW66KK1Zq2zOeLVuOy+8n8ky7IEBYwQMGCNgwBgBA8YIGDBGwIAxAgaMETBgjIABY/VNYi2AcwjVxfH1tm6d05rxqs7xe9RE7IEBYwQMGCNgwBgBA8YIGDBGwIAxAgaMETBgjIABY7m6BlnSOsNQ686KlM1zRDUirUmstGTzjFnzNpfGHhgwRsCAMQIGjBEwYIyAAWMEDBgjYMAYAQPGCBgw1syrEzpOJi28tUpruqh1HCfA5m2d2QMDxggYMEbAgDECBowRMGCMgAFjBAwYI2DAGAEDxpo5idW66RPmpWqX1lUCszkv1chaWVz3kD0wYIyAAWMEDBgjYMAYAQPGCBgwRsCAMQIGjBEwYKyZVyfM5gxQRs5dVMZiyqeM43fQcTvXhT0wYIyAAWMEDBgjYMAYAQPGCBgwRsCAMQIGjBEwYKyZ58SqLptzWtWlNcWV1mxZ9Udu3VRT6342OCcWgOwiYMAYAQPGCBgwRsCAMQIGjBEwYIyAAWMEDBirbxIrm9NU2ZzTat3zNiKt2TKLqaYyFluDPTBgjIABYwQMGCNgwBgBA8YIGDBGwIAxAgaMETBgrJlXJ6zO8ep1jvNSrZt5SmsyyfGsZvP2HWQPDBgjYMAYAQPGCBgwRsCAMQIGjBEwYIyAAWMEDBirbxLrMo9lONeSzammbJ5ty3GqKZvPyzmxAEgEDFgjYMAYAQPGCBgwRsCAMQIGjBEwYIyAAWP1XZ2wdRberFV1aa1zI8+bzemx1j1vWmdEqwt7YMAYAQPGCBgwRsCAMQIGjBEwYIyAAWMEDBgjYMBYMyexWjfVlNbcUlpTXNmcD6sumxNv2VyrJmIPDBgjYMAYAQPGCBgwRsCAMQIGjBEwYIyAAWMEDBirbxLL8dxUGbmKXBOlda4mx+9+62Tk54o9MGCMgAFjBAwYI2DAGAEDxggYMEbAgDECBowRMGAsl5EhmNZNF6V1nqfWTeqkNYmVzTNmOc54NXGd2QMDxggYMEbAgDECBowRMGCMgAFjBAwYI2DAGAEDxpo5iZXNaRvHSZ3qMnI2prqkNT3WiNb9XDGJBUAiYMAaAQPGCBgwRsCAMQIGjBEwYIyAAWMEDBjLyjmxsmnhTXFVl9YsXXWOV66ct58c9sCAMQIGjBEwYIyAAWMEDBgjYMAYAQPGCBgwRsCAsUV13drxzEbVVZ+JSev6g41Ia63SupJj62aeLCbt2AMDxggYMEbAgDECBowRMGCMgAFjBAwYI2DAGAEDxuqbxKoum5Mr2Zwey+ZaVZfWrFV1ac20NTLD10TsgQFjBAwYI2DAGAEDxggYMEbAgDECBowRMGCMgAFjzZzEqs5xFictaU0XpXV+qUbWKpvm7cxk7IEBYwQMGCNgwBgBA8YIGDBGwIAxAgaMETBgjIABY/M3ieUomzNA2ZyXSus6gNm8GmPrnrcMe2DAGAEDxggYMEbAgDECBowRMGCMgAFjBAwYI2DAGJNY6WjdzFM2ryHYiLReUetmrZo408YeGDBGwIAxAgaMETBgjIABYwQMGCNgwBgBA8YIGDA2f5NYC+8agmlp3bmpGpHNq0+mdZavecMeGDBGwIAxAgaMETBgjIABYwQMGCNgwBgBA8YIGDDWzEmsbJ5RKS2OM0COV+trZEs6vt4y7IEBYwQMGCNgwBgBA8YIGDBGwIAxAgaMETBgjIABYzmLE/8AqIg9MGCMgAFjBAwYI2DAGAEDxggYMEbAgDECBowRMGCMgAFjBAwYI2DAGAEDxggYMEbArfH663r5Zb355qw3eOst/fzneuyxeVwnB2yWOvH/gVvjppt07JjGx/XpT0vSSy9p82Z1d2tsTFdeKUkXLmjxYq1cqRdfTHdN6/PeF9JcppslPe29B16/Xrmctm5t+ROdPavnntPEhM6da/lzXXutcrnk4/3v17XX6gtf0G9+05wHr+uFzNvmbWPNvDaSmb//XRMT6uvTiRP617/0wQ+28Lm2btXhw+rp0Uc+0sJnebfdu9XVpclJnTmjI0d05Ig2bNATT2jp0oYetvYXMp+bt4218R54dFSS7rtPMzM6erTlT3f77brpppY/yzvuv18PP6zf/14vvaRnn9XGjTp5Ulu26H//a/SRa3wh87x521UbBzwyojVrdMcd6u7WyEiTHzyfpQ17/fV68kmtXq0zZ3TgwDw9aUs3L96WpZ+z+VQ4wNu+XVdcoS1bksO8d7twQbmcvvpVSXrsMa1frw98QNdfr+9/v8Kj/fOf+vKX9dGP6uqr9dnP6o9/VHd3hUe75prLrNX3vqdcTrffXlzy1lv6xS+0dauWLtVVV+mGG/T443N5vVdeqe9+V5IefDBZ8rvfKZfT5z5XcrMf/KDCwh//WLmcHn64jhdS4+b9+tcl6Yc/1DXXKJfTn/5U+dHeu1kkvf66vvENfeITuuoqrV+vb39b//3vZdZqQYr2dOBASHHiRETEoUMhxSOPlNzg/PmQYseO2Ls3pFixIgYHY9GikGL//pJbTkzEsmUhRX9/bN8eq1ZFPp8sGR8vebT+/vLHX7myuOTYscjn4+Mfj4sXkyVTU7FqVUjR1xfbtsWmTdHRUWFVy6xcGVJMTlb4Um9vSPHssxER//lPLFoUS5aU3GDz5pCit7dk4c6dIcULL1R+IRXVuHl3746DB0OK1aujvz/On69ps0TE6dPR3x9SDAzELbckL3lgIJ5//jIrtuC0a8DDw9HdHdPTERFTU5HPx7ZtJTco/CQV0j11Kln4xBNJTu+YmYm1a0OKe+8tLhwZib6++gL+61+jpyeWLIlz50pWY8+eGB0tfvr008kqzczM+tKqBDw4GFKMjCSfbtxY7Dki3ngjurpi166Q4s9/Lt6rr6+4njUGXOPmXb48urvjD38oX159s0xPx+rVIcXBg8WF994bUmzceJkVW3DaMuBz5yKfj127ikuGhmLRonjtteKSwk9ST0/84x8l912xIqSYmko+ffTRkOLGG8ufYseOOgK+eDHWrYuOjhgbu/zKDw8X94cVVQm4EOfPfpZ8un9/SPHgg8mnhX8dTp4MKQ4cSBaePRtS3HXXrC/kvWrfvFI89FDJfWvZLD/5SXJwVGZoqOSfp/bQlr8Dj47q0iXt3FlccvPNld8sXbxYH/pQyZIVKyRpcjL5dHxckvbsaWh99uzRM8/o/vt1ww3Vbvbyy3rqKc3MSJrj35MvXZLe9Qbb5s2S9PTTyacnTqivT5/6lAYG9OSTycKxMUnatKmOZ6l98/b26q67Zn2c2TbLyZOSKtzxK18pfrVttOXfgQtvih4/XvxmF4IcGdGXvnSZ+3Z2SkoqkvTcc5K0evXcV+anP9Xhw5L0t79VvsFf/qJHHtHoqF55RcuWJU998eJcnqvwFL29yadDQ+rpKQl4wwZJ2rBBo6N6801dcUXy1boCrn3zdnXpfe+r/CBVNsvZs5K0alX58sKSwlfbR9qHAPOucIBXOH4r++joKB7mzXasWHib553figu/AJ85U36zGg+hu7qioyOGh5ODzGeeKX+cfftCik2b4siReOWViIgvfjGkOHZs1hc42yH0zEz09IRU8k7PLbckvwafPx8dHcmR8+HDISUHrsuWxZo15atd5RC6wc1by2Yp/AJ89mz5fcfHk23VTtrvELpwgPfAA4oo+fjmNzU9XffIwXXXSXM9oJV08aKWLNHRo3rgAV26VH4o/stf6r77tHevnnpKn/+8rr56js9S8Ktf6d//1ooVJUNUW7ZI0smTOnVK09P6zGekt/e3Y2N68UVNTc3l+LnBzVt9s6xdK0kvvFB+r+efL361bbRlwJJ27ChfXlhS+Grt1qypfK/p6Zru3tmp3/5WS5fqk5/UnXfq1Knkz60Fx49Lb/9q16ALF7R/vyTdc0/J8sKvwadPa3xcPT1at06SPvxhDQxobEwTE8Xb1Kgpm7f6Zikc5x86VH6vRx+VpOHhOtZ2AUj7EGB+TU5GPh8f+1iFL01PR09P8TCvxkPoycno7IyOjjh6tHibwnFvvX8HnpqK7u7o7U0OlSPitttCikOHirc5cCD5U3Bdh9BnziTv0A4OJn/aKbv90FBs3lzyvu7evbF4cdxzT+TzFd49nu0QuvHNW8tmeeONGBiIfL74/nm8/Y768HDlFVu42izgH/0opPjOdyp/9dZbi8HUGHBEHDwY+Xzk8zE0FDt3xrJl0dcXmzbVHXDhoaS4887k02PHQorOzrjttrjjjli5MpYvj5tvring3bvj7rtj27ZYvjz51+TGG+PVVyvc/u67o6MjurqKfzqKiNHR5K9og4MlN64ecOObt5bNEhGnTiWjMmvXxq23xsBASHHddcW/abeNNgt4w4aQYmKi8lcLb95s3x5RT8ARcfx4bNsWS5bEwEDs2ROTk/HQQ3MJeHo61qwpvoEUESMjsW5dLF4cg4Oxb1+89lr8+tc1BVz46OyM/v7YtatkGqTMyEhy49OniwtffTV5L2rfvpIbVw+48c1b42YprOHXvlbcON/6Vpw/P+trXLj4D/2AsfZ7EwtYQAgYMEbAgDECBowRMGCMgAFjBAwYI2DAGAEDxv4PJizyIKI8T/4AAAAASUVORK5CYII=', '2023-08-08 05:37:05', '2023-08-08 05:37:05', NULL),
('1691473472', 'tes', 'tes', 'tes', 'tes', 'data:image/png;base64,iVBORw0KGgoAAAANSUhEUgAAAUAAAAFaCAIAAADgvxMAAAAACXBIWXMAAA7EAAAOxAGVKw4bAAAIj0lEQVR4nO3dTWhcZRvH4Tu+0UUtTbsrqEHERZBKixQpkip+LFyIBnUh2YlaimhBIu6E4qogRlGEgCC6seBCXIgKbkqJIBHBTxCJRcQPmoUWVJSIjgvzGlpe6Lx1Th/+Z66LLjqTIXPOzPnxJNPePBODwaCATBe0PgDg3AkYggkYggkYggkYggkYggkYggkYggkYggkYggkYggkYgk0O+biJiYlOj6MfupgMGf6VH/7Zu3g32z57/wz5elqBIZiAIZiAIZiAIZiAIZiAIZiAIZiAIZiAIZiAIZiAIZiAIZiAIdiw00jD699eLV1Mz6RM5LR9N11LZ2UFhmAChmAChmAChmAChmAChmAChmAChmAChmAChmAChmAChmAChmCjn0YaXtuJnP5Nugyvi32M2r6eY3stWYEhmIAhmIAhmIAhmIAhmIAhmIAhmIAhmIAhmIAhmIAhmIAhmIAhWMtppHHWxTzQ8FJmjDgrKzAEEzAEEzAEEzAEEzAEEzAEEzAEEzAEEzAEEzAEEzAEEzAEEzAEM43URtt5oP7tjTS2rMAQTMAQTMAQTMAQTMAQTMAQTMAQTMAQTMAQTMAQTMAQTMAQTMAQrOU0kvmVVrrYb6mtsb2WrMAQTMAQTMAQTMAQTMAQTMAQTMAQTMAQTMAQTMAQTMAQTMAQTMAQbPTTSP2bdEnRxT5Gbd9N19JZWYEhmIAhmIAhmIAhmIAhmIAhmIAhmIAhmIAhmIAhmIAhmIAhmIAh2MTYbirTVv/mbFxITViBIZiAIZiAIZiAIZiAIZiAIZiAIZiAIZiAIZiAIZiAIZiAIZiAIdiweyN1MT3TxQ49XczEpJx7F8/ehbaTWD175a3AEEzAEEzAEEzAEEzAEEzAEEzAEEzAEEzAEEzAEEzAEEzAEEzAEKxveyO1nVsaXspEToqU933krMAQTMAQTMAQTMAQTMAQTMAQTMAQTMAQTMAQTMAQTMAQTMAQTMAQbNhppC6mPcZ5x6MU/Zvy6dmVbAWGYAKGYAKGYAKGYAKGYAKGYAKGYAKGYAKGYAKGYAKGYAKGYAKGYJMj/45dTPmkTA6lzO6kzIF1MQ/U1sjP3QoMwQQMwQQMwQQMwQQMwQQMwQQMwQQMwQQMwQQMwQQMwQQMwQQMwUY/jdR2giRlF6Uunn34c4/Y9ef/evbhtT33kZ+RFRiCCRiCCRiCCRiCCRiCCRiCCRiCCRiCCRiCCRiCCRiCCRiCCRiCTbTdpGdspezl07+5pZ5d8FZgCCZgCCZgCCZgCCZgCCZgCCZgCCZgCCZgCCZgCCZgCCZgCCZgCDbsNFLK9ExbbfeFGl7biZyUayliEssKDMEEDMEEDMEEDMEEDMEEDMEEDMEEDMEEDMEEDMEEDMEEDMEEDMEmR/4de7b3THUzPdN20qXtGaUcZxdG/m5agSGYgCGYgCGYgCGYgCGYgCGYgCGYgCGYgCGYgCGYgCGYgCGYgCHY6KeRhjfO+wMNr3+zOynTXV2wNxKwScAQTMAQTMAQTMAQTMAQTMAQTMAQTMAQTMAQTMAQTMAQTMAQrOU00jjrYsej4aVMYrXVdhLL3kjQfwKGYAKGYAKGYAKGYAKGYAKGYAKGYAKGYAKGYAKGYAKGYAKGYKaR2uhiL59x3seo7Y5HDVmBIZiAIZiAIZiAIZiAIZiAIZiAIZiAIZiAIZiAIZiAIZiAIZiAIVjLaaRx3qGn7fRM2wmn4aXMVzV8N63AEEzAEEzAEEzAEEzAEEzAEEzAEEzAEEzAEEzAEEzAEEzAEEzAEGz000hju0tNR9rOA/Xv3ezZfJUVGIIJGIIJGIIJGIIJGIIJGIIJGIIJGIIJGIIJGIIJGIIJGIIJGIJNjPMGRZDOCgzBBAzBBAzBBAzBBAzBBAzBBAzBBAzBBAzBBAzBBAzBBAzBBBzr5Ml699366afWx0FLAo71yis1O1sff9z6OGhJwLF++KH1EdCegGMJGAFHeuGFmpqqpaWqqtnZmpioiYl6+eXNB/z4Yz38cO3eXVNTtX9/Pf/8md/hk0/qrrvqsstqx466+eZ67rn6/ffzd/yMzuj3B6ZzV15Z8/P15pv19dc1N1c7d1ZVzcxsfPWDD2purr77rm66qfburZWVeuihWl6uo0c3HvDZZ7VvX/35Z91+e23bVisrdehQnThRTz/d5nT4NwaEuu22QdVgefm0O9fXBzMzgy1bBsePb9554MCgavD22xs3779/UDV47bXNB7z++uDUqe6PmNHzI3S/LC3V55/X4cO1f//mnUeO1ORkvfjixs21taraWLf/dscdNTV1Ho+SkRFwvywvV1Xdffdpd+7YUZdfXqurGzfn5qqq5ufr6FG/+qYTcL/8/c/CV1yx8cnWP39WVzcW3qq6995aXKyff675+Zqerqeeql9+aXjI/Bs+xOqXycmqqmeeqa1bz/zS9u2bf3/kkTpwoJaWanGxHn20jhypV1+tG288f8fJiAi4X666qj79tK655rTfgf+niy+uhYU6dKiefbYee6zuuadOnjwvh8go+RE61pYtVVW//XbandddV1Wbn1ed1YUX1sJCzc7W2lp9+eVIj4/zQcCxpqer/vup1T8OHqyZmXrppTP/88Y772z+fWGh3npr8+avv9ZXX9VFF9Wll3Z3sHTE1iqxPvqo9uypCy7Y+FT51lvrgQeqqt5/v+68s775pnbtqmuvrfX1eu+9Wl2tY8fqhhvq22/r+uvrxInas6f27q2tW+uNN2p1tZ54oh5/vO0JcQ7+c/jw4dbHwDnZubN2764vvqiVlfrjj7r66tq3r6rqkkvqvvtqfb2+/76OHatTp2rXrlpcrFtuqaratq0OHqzt22ttrY4frw8/rOnpevLJevDBtmfDubECQzC/A0MwAUMwAUMwAUMwAUMwAUMwAUMwAUMwAUOwvwDSZ2hZyWZ/WwAAAABJRU5ErkJggg==', NULL, NULL, NULL),
('1691473628', 'andika', 'aa', 'aa', 'aa', 'data:image/png;base64,iVBORw0KGgoAAAANSUhEUgAAAUAAAAFdCAIAAAD9uiO4AAAACXBIWXMAAA7EAAAOxAGVKw4bAAAJW0lEQVR4nO3dTYiVZR/H8f+IiIsnc2E5kkmFkUpBSaUbW7hISRdRGwOjoIjB3NQitFUFSQS1iFxlLxgEmkSFRARBlJG4yWAIFxEyVL4EQVFDL2P3s+jwyEQPnpnO8Z7fOZ/PynN75p5rzjlfL4b6c400TVNApnltLwCYPQFDMAFDMAFDMAFDMAFDMAFDMAFDMAFDMAFDMAFDMAFDsPldPm9kZKSv6xgM3U+GDN7rOcw/ez90+XragSGYgCGYgCGYgCGYgCGYgCGYgCGYgCGYgCGYgCGYgCGYgCGYgCFYt9NI3Ru8s1pSpmcGbx7IZ+mC7MAQTMAQTMAQTMAQTMAQTMAQTMAQTMAQTMAQTMAQTMAQTMAQTMAQrPfTSN1rdyam3UmXfkwO9eP1TJkHGtrPkh0YggkYggkYggkYggkYggkYggkYggkYggkYggkYggkYggkYggkYgrU5jURvtTvhlDK3NGDswBBMwBBMwBBMwBBMwBBMwBBMwBBMwBBMwBBMwBBMwBBMwBBMwBDMNFI72p3y6cfcEq2wA0MwAUMwAUMwAUMwAUMwAUMwAUMwAUMwAUMwAUMwAUMwAUMwAUOwNqeRnKbTW/2YcEp5j1LW2XN2YAgmYAgmYAgmYAgmYAgmYAgmYAgmYAgmYAgmYAgmYAgmYAgmYAjW+2kkp+kMknbPcPJZuiA7MAQTMAQTMAQTMAQTMAQTMAQTMAQTMAQTMAQTMAQTMAQTMAQTMAQbGdpDZdqVMmfj4zHH2YEhmIAhmIAhmIAhmIAhmIAhmIAhmIAhmIAhmIAhmIAhmIAhmIAhWLdnI7U7PZNy7s7gze6kTE11b8A+S3ZgCCZgCCZgCCZgCCZgCCZgCCZgCCZgCCZgCCZgCCZgCCZgCCZgCNbtNFKKdmeMuv/uwzy31O7r2Y979uO7d8kODMEEDMEEDMEEDMEEDMEEDMEEDMEEDMEEDMEEDMEEDMEEDMEEDMF6P43U7tkz/ZgLaXfGyBlO3Wj3DKcWPyF2YAgmYAgmYAgmYAgmYAgmYAgmYAgmYAgmYAgmYAgmYAgmYAgmYAg20uJgSrsTJN1LORsp5SShfkhZZ8/ZgSGYgCGYgCGYgCGYgCGYgCGYgCGYgCGYgCGYgCGYgCGYgCGYgCFY789GGryZmHZ/onalvJ790O571OXPbgeGYAKGYAKGYAKGYAKGYAKGYAKGYAKGYAKGYAKGYAKGYAKGYAKGYG2ejTTM+jHpkjK7kzKzFZGGHRiCCRiCCRiCCRiCCRiCCRiCCRiCCRiCCRiCCRiCCRiCCRiCCRiCdXs2UspZPu3qfn6l3YmcwXs3Uyacej6zZQeGYAKGYAKGYAKGYAKGYAKGYAKGYAKGYAKGYAKGYAKGYAKGYAKGYN1OI3Uv4kSZGWl3Hqgfr2fKe5Qys9Xi62kHhmAChmAChmAChmAChmAChmAChmAChmAChmAChmAChmAChmAChmC9n0bqXrun1LQ7kdOP757yekZM+czou7f4E9mBIZiAIZiAIZiAIZiAIZiAIZiAIZiAIZiAIZiAIZiAIZiAIZiAIVib00h0ox+TLu45MOzAEEzAEEzAEEzAEEzAEEzAEEzAEEzAEEzAEEzAEEzAEEzAEEzAEMw0Ujv6MROTcs9h1vP5KjswBBMwBBMwBBMwBBMwBBMwBBMwBBMwBBMwBBMwBBMwBBMwBBMwBGtzGqn782zoRj9ez36cTtS9oT3xqHt2YAgmYAgmYAgmYAgmYAgmYAgmYAgmYAgmYAgmYAgmYAgmYAgmYAjW+2mkoZ0LaV27k0PdG+Z19rwOOzAEEzAEEzAEEzAEEzAEEzAEEzAEEzAEEzAEEzAEEzAEEzAEEzAEG3FAEeSyA0MwAUMwAUMwAUMwAUMwAUMwAUMwAUMwAUMwAUMwAUMwAUMwAUMwAQ+BH3+sM2fqjz/+7xPOnauXX64DBy7imugNAQ+B7dtrdLSOHes8/PbbWr261q2r337rXPn113rwwdq1q60FMmu9P52QuW58vE6cqKqamKhrr217NfwrAh4+mzbV/v21eLF6B4CAh9K997a9AnrD78BDYJ53eWB5a+eAc+fq1Vdr06ZaurQuvbQ2bKg335z2hF9+qZGRevjhqqoDB2rdurrkklq9up5++h/udupUPfBAXXddXXZZbdlSn35aixb9w92uvPICq3ryyRoZmbZXX3CdXHwN7Tp9ulm5sqlqlixpNm9uNm5sFixoqpp9+84/5+efm6pm69Zmx46mqlmxorn55mb+/KaqeeqpaXc7dqwZHW2qmuXLmzvuaFaubObN61w5cmTa3ZYv//v9r7rq/JXDh5t585q1a5vJyRmsk4tOwHPA2Fhz6ND5hx991Kl0aqpz5a/A/rp49Gjn4ltvdXL6n6mp5vrrm6rm8cfPXzx4sFmyZGYBf/11s3hxc/nlzcTEzNbJRSfgOWn9+qaq+eqrzsO/Alu8uPnuu2lPW7GiqWpOn+48fOWVpqq57ba/323r1hkEPDnZ3Hhjs2BB8/HHM14nF53fgeeYM2fqww9raqqqamJi2l/95z+1bNm0KytWVFV9803n4ZEjVVVjY/9qAWNjdfx4Pftsbdgwy3VyEfnPSHPD55/Xvn116FCdPVujo50wJicv8FULF1ZV58lVnf89Y9Wq2S9j797av7+q6uTJXq6TvrEDzwG7d9fatXXiRL3wQp09W6dO1ebNs7nPTz9VVc2f7T/KZ8/Wo4/W+vV166314ov1xRf9Wie9Ywdu2+uv1zPP1I4dtXfvv73VNdfU+HhNTNQNN8zmyycna/nyevvtmpio9etrbKw++6wv66R37MBte//9qqqHHurBrdasqao6dOjv13//vasvX7iw3n23li6tW26p+++vo0frpZf6sk56R8Bt+/PPqqrjx89fee65OnhwNrfaubMWLqw33qh33jl/cffu+uCDrr58dLRuuqnz5z17atGi2rWrvv++9+ukdwTctu3bq6rGxuqee+q+++rqq+v552f5u+UVV9SePTU1VXfdVevW1d1317JltW9fbdw441stXVpPPFE//FCPPdb7ddI7Am7bli118GCtWlWHD9eXX9a2bTU+Xtu2zfJujzxS771Xt99eJ0/W+HjdeWcdPz7Lu+3cWWvW1Guv1Sef9H6d9IjzgSGYHRiCCRiCCRiCCRiCCRiCCRiCCRiCCRiCCRiC/Rc1K4kTEGhZ+gAAAABJRU5ErkJggg==', '2023-08-08 05:47:08', '2023-08-08 05:47:08', NULL);

-- --------------------------------------------------------

--
-- Table structure for table `mahasiswa`
--

CREATE TABLE `mahasiswa` (
  `id` int(11) NOT NULL,
  `nama` varchar(150) NOT NULL,
  `npm` int(20) NOT NULL,
  `point` int(10) NOT NULL,
  `badges` int(11) NOT NULL
) ENGINE=InnoDB DEFAULT CHARSET=utf8mb4 COLLATE=utf8mb4_general_ci;

--
-- Dumping data for table `mahasiswa`
--

INSERT INTO `mahasiswa` (`id`, `nama`, `npm`, `point`, `badges`) VALUES
(3, 'Andika Dwi', 1184097, 10, 0);

-- --------------------------------------------------------

--
-- Table structure for table `market`
--

CREATE TABLE `market` (
  `id` int(11) NOT NULL,
  `nama` varchar(150) NOT NULL,
  `detail` varchar(150) NOT NULL,
  `point` int(11) NOT NULL
) ENGINE=InnoDB DEFAULT CHARSET=utf8mb4 COLLATE=utf8mb4_general_ci;

--
-- Dumping data for table `market`
--

INSERT INTO `market` (`id`, `nama`, `detail`, `point`) VALUES
(1, 'Market', 'Pembelian Transaksi', 30);

-- --------------------------------------------------------

--
-- Table structure for table `migrations`
--

CREATE TABLE `migrations` (
  `id` bigint(20) UNSIGNED NOT NULL,
  `version` varchar(255) NOT NULL,
  `class` varchar(255) NOT NULL,
  `group` varchar(255) NOT NULL,
  `namespace` varchar(255) NOT NULL,
  `time` int(11) NOT NULL,
  `batch` int(11) UNSIGNED NOT NULL
) ENGINE=InnoDB DEFAULT CHARSET=utf8 COLLATE=utf8_general_ci;

--
-- Dumping data for table `migrations`
--

INSERT INTO `migrations` (`id`, `version`, `class`, `group`, `namespace`, `time`, `batch`) VALUES
(1, '2017-11-20-223112', 'Myth\\Auth\\Database\\Migrations\\CreateAuthTables', 'default', 'Myth\\Auth', 1690809277, 1);

-- --------------------------------------------------------

--
-- Table structure for table `scan`
--

CREATE TABLE `scan` (
  `id` int(15) NOT NULL,
  `text` text NOT NULL,
  `waktu` datetime DEFAULT current_timestamp()
) ENGINE=InnoDB DEFAULT CHARSET=utf8mb4 COLLATE=utf8mb4_general_ci;

-- --------------------------------------------------------

--
-- Table structure for table `transaksi`
--

CREATE TABLE `transaksi` (
  `id_transaksi` int(11) NOT NULL,
  `id_jenis` int(11) NOT NULL,
  `nama` varchar(150) NOT NULL,
  `detail` varchar(150) NOT NULL,
  `keterangan` varchar(150) NOT NULL,
  `point` int(11) NOT NULL
) ENGINE=InnoDB DEFAULT CHARSET=utf8mb4 COLLATE=utf8mb4_general_ci;

-- --------------------------------------------------------

--
-- Table structure for table `users`
--

CREATE TABLE `users` (
  `id` int(11) UNSIGNED NOT NULL,
  `email` varchar(255) NOT NULL,
  `username` varchar(30) DEFAULT NULL,
  `password_hash` varchar(255) NOT NULL,
  `reset_hash` varchar(255) DEFAULT NULL,
  `reset_at` datetime DEFAULT NULL,
  `reset_expires` datetime DEFAULT NULL,
  `activate_hash` varchar(255) DEFAULT NULL,
  `status` varchar(255) DEFAULT NULL,
  `status_message` varchar(255) DEFAULT NULL,
  `active` tinyint(1) NOT NULL DEFAULT 0,
  `force_pass_reset` tinyint(1) NOT NULL DEFAULT 0,
  `created_at` datetime DEFAULT NULL,
  `updated_at` datetime DEFAULT NULL,
  `deleted_at` datetime DEFAULT NULL
) ENGINE=InnoDB DEFAULT CHARSET=utf8 COLLATE=utf8_general_ci;

--
-- Dumping data for table `users`
--

INSERT INTO `users` (`id`, `email`, `username`, `password_hash`, `reset_hash`, `reset_at`, `reset_expires`, `activate_hash`, `status`, `status_message`, `active`, `force_pass_reset`, `created_at`, `updated_at`, `deleted_at`) VALUES
(1, 'admin@admin.com', 'admin', '$2y$10$Ft9FXm4KG/RefN7J41TXmeZwPk6qVo4IawkeI893i8Rq2R0rM1uLi', NULL, NULL, NULL, NULL, NULL, NULL, 1, 0, '2023-07-31 15:47:40', '2023-07-31 15:47:40', NULL),
(5, 'user@user.com', 'UserBiasa', '$2y$10$XZb4nrYi4/ijTIQVJEFU5ewXqRjEMMhPfMTv6FDOF72N2NVrheLdW', NULL, NULL, NULL, NULL, NULL, NULL, 1, 0, '2023-07-31 16:46:57', '2023-07-31 16:46:57', NULL),
(9, 'validator@valid.com', 'validator', 'loginsaja', NULL, NULL, NULL, NULL, NULL, NULL, 1, 0, NULL, NULL, NULL);

--
-- Indexes for dumped tables
--

--
-- Indexes for table `auth_activation_attempts`
--
ALTER TABLE `auth_activation_attempts`
  ADD PRIMARY KEY (`id`);

--
-- Indexes for table `auth_groups`
--
ALTER TABLE `auth_groups`
  ADD PRIMARY KEY (`id`);

--
-- Indexes for table `auth_groups_permissions`
--
ALTER TABLE `auth_groups_permissions`
  ADD KEY `auth_groups_permissions_permission_id_foreign` (`permission_id`),
  ADD KEY `group_id_permission_id` (`group_id`,`permission_id`);

--
-- Indexes for table `auth_groups_users`
--
ALTER TABLE `auth_groups_users`
  ADD KEY `auth_groups_users_user_id_foreign` (`user_id`),
  ADD KEY `group_id_user_id` (`group_id`,`user_id`);

--
-- Indexes for table `auth_logins`
--
ALTER TABLE `auth_logins`
  ADD PRIMARY KEY (`id`),
  ADD KEY `email` (`email`),
  ADD KEY `user_id` (`user_id`);

--
-- Indexes for table `auth_permissions`
--
ALTER TABLE `auth_permissions`
  ADD PRIMARY KEY (`id`);

--
-- Indexes for table `auth_reset_attempts`
--
ALTER TABLE `auth_reset_attempts`
  ADD PRIMARY KEY (`id`);

--
-- Indexes for table `auth_tokens`
--
ALTER TABLE `auth_tokens`
  ADD PRIMARY KEY (`id`),
  ADD KEY `auth_tokens_user_id_foreign` (`user_id`),
  ADD KEY `selector` (`selector`);

--
-- Indexes for table `auth_users_permissions`
--
ALTER TABLE `auth_users_permissions`
  ADD KEY `auth_users_permissions_permission_id_foreign` (`permission_id`),
  ADD KEY `user_id_permission_id` (`user_id`,`permission_id`);

--
-- Indexes for table `badges`
--
ALTER TABLE `badges`
  ADD PRIMARY KEY (`id_badges`);

--
-- Indexes for table `data_kendaraan`
--
ALTER TABLE `data_kendaraan`
  ADD PRIMARY KEY (`id`);

--
-- Indexes for table `jenis_kendaraan`
--
ALTER TABLE `jenis_kendaraan`
  ADD PRIMARY KEY (`id`);

--
-- Indexes for table `jenis_transaksi`
--
ALTER TABLE `jenis_transaksi`
  ADD PRIMARY KEY (`id_jenis`);

--
-- Indexes for table `kontak`
--
ALTER TABLE `kontak`
  ADD PRIMARY KEY (`id_kontak`);

--
-- Indexes for table `mahasiswa`
--
ALTER TABLE `mahasiswa`
  ADD PRIMARY KEY (`id`);

--
-- Indexes for table `market`
--
ALTER TABLE `market`
  ADD PRIMARY KEY (`id`);

--
-- Indexes for table `migrations`
--
ALTER TABLE `migrations`
  ADD PRIMARY KEY (`id`);

--
-- Indexes for table `scan`
--
ALTER TABLE `scan`
  ADD PRIMARY KEY (`id`);

--
-- Indexes for table `transaksi`
--
ALTER TABLE `transaksi`
  ADD PRIMARY KEY (`id_transaksi`),
  ADD UNIQUE KEY `id_jenis` (`id_jenis`);

--
-- Indexes for table `users`
--
ALTER TABLE `users`
  ADD PRIMARY KEY (`id`),
  ADD UNIQUE KEY `email` (`email`),
  ADD UNIQUE KEY `username` (`username`);

--
-- AUTO_INCREMENT for dumped tables
--

--
-- AUTO_INCREMENT for table `auth_activation_attempts`
--
ALTER TABLE `auth_activation_attempts`
  MODIFY `id` int(11) UNSIGNED NOT NULL AUTO_INCREMENT;

--
-- AUTO_INCREMENT for table `auth_groups`
--
ALTER TABLE `auth_groups`
  MODIFY `id` int(11) UNSIGNED NOT NULL AUTO_INCREMENT, AUTO_INCREMENT=6;

--
-- AUTO_INCREMENT for table `auth_logins`
--
ALTER TABLE `auth_logins`
  MODIFY `id` int(11) UNSIGNED NOT NULL AUTO_INCREMENT, AUTO_INCREMENT=111;

--
-- AUTO_INCREMENT for table `auth_permissions`
--
ALTER TABLE `auth_permissions`
  MODIFY `id` int(11) UNSIGNED NOT NULL AUTO_INCREMENT, AUTO_INCREMENT=5;

--
-- AUTO_INCREMENT for table `auth_reset_attempts`
--
ALTER TABLE `auth_reset_attempts`
  MODIFY `id` int(11) UNSIGNED NOT NULL AUTO_INCREMENT;

--
-- AUTO_INCREMENT for table `auth_tokens`
--
ALTER TABLE `auth_tokens`
  MODIFY `id` int(11) UNSIGNED NOT NULL AUTO_INCREMENT;

--
-- AUTO_INCREMENT for table `badges`
--
ALTER TABLE `badges`
  MODIFY `id_badges` int(100) NOT NULL AUTO_INCREMENT, AUTO_INCREMENT=20;

--
-- AUTO_INCREMENT for table `data_kendaraan`
--
ALTER TABLE `data_kendaraan`
  MODIFY `id` int(11) NOT NULL AUTO_INCREMENT, AUTO_INCREMENT=52;

--
-- AUTO_INCREMENT for table `jenis_kendaraan`
--
ALTER TABLE `jenis_kendaraan`
  MODIFY `id` int(11) NOT NULL AUTO_INCREMENT, AUTO_INCREMENT=3;

--
-- AUTO_INCREMENT for table `mahasiswa`
--
ALTER TABLE `mahasiswa`
  MODIFY `id` int(11) NOT NULL AUTO_INCREMENT, AUTO_INCREMENT=4;

--
-- AUTO_INCREMENT for table `market`
--
ALTER TABLE `market`
  MODIFY `id` int(11) NOT NULL AUTO_INCREMENT, AUTO_INCREMENT=2;

--
-- AUTO_INCREMENT for table `migrations`
--
ALTER TABLE `migrations`
  MODIFY `id` bigint(20) UNSIGNED NOT NULL AUTO_INCREMENT, AUTO_INCREMENT=2;

--
-- AUTO_INCREMENT for table `scan`
--
ALTER TABLE `scan`
  MODIFY `id` int(15) NOT NULL AUTO_INCREMENT, AUTO_INCREMENT=25;

--
-- AUTO_INCREMENT for table `users`
--
ALTER TABLE `users`
  MODIFY `id` int(11) UNSIGNED NOT NULL AUTO_INCREMENT, AUTO_INCREMENT=13;

--
-- Constraints for dumped tables
--

--
-- Constraints for table `auth_groups_permissions`
--
ALTER TABLE `auth_groups_permissions`
  ADD CONSTRAINT `auth_groups_permissions_group_id_foreign` FOREIGN KEY (`group_id`) REFERENCES `auth_groups` (`id`) ON DELETE CASCADE,
  ADD CONSTRAINT `auth_groups_permissions_permission_id_foreign` FOREIGN KEY (`permission_id`) REFERENCES `auth_permissions` (`id`) ON DELETE CASCADE;

--
-- Constraints for table `auth_groups_users`
--
ALTER TABLE `auth_groups_users`
  ADD CONSTRAINT `auth_groups_users_group_id_foreign` FOREIGN KEY (`group_id`) REFERENCES `auth_groups` (`id`) ON DELETE CASCADE,
  ADD CONSTRAINT `auth_groups_users_user_id_foreign` FOREIGN KEY (`user_id`) REFERENCES `users` (`id`) ON DELETE CASCADE;

--
-- Constraints for table `auth_tokens`
--
ALTER TABLE `auth_tokens`
  ADD CONSTRAINT `auth_tokens_user_id_foreign` FOREIGN KEY (`user_id`) REFERENCES `users` (`id`) ON DELETE CASCADE;

--
-- Constraints for table `auth_users_permissions`
--
ALTER TABLE `auth_users_permissions`
  ADD CONSTRAINT `auth_users_permissions_permission_id_foreign` FOREIGN KEY (`permission_id`) REFERENCES `auth_permissions` (`id`) ON DELETE CASCADE,
  ADD CONSTRAINT `auth_users_permissions_user_id_foreign` FOREIGN KEY (`user_id`) REFERENCES `users` (`id`) ON DELETE CASCADE;

--
-- Constraints for table `transaksi`
--
ALTER TABLE `transaksi`
  ADD CONSTRAINT `transaksi_ibfk_1` FOREIGN KEY (`id_jenis`) REFERENCES `jenis_transaksi` (`id_jenis`) ON DELETE CASCADE ON UPDATE CASCADE;
COMMIT;

/*!40101 SET CHARACTER_SET_CLIENT=@OLD_CHARACTER_SET_CLIENT */;
/*!40101 SET CHARACTER_SET_RESULTS=@OLD_CHARACTER_SET_RESULTS */;
/*!40101 SET COLLATION_CONNECTION=@OLD_COLLATION_CONNECTION */;
